Smiles,MMGBSA dG Bind
FC(F)(F)C=1C=CC=CC1C2=NN=NN2,-9.18
OCC=1C=NN(C1)CC(F)F,-17.31
CC(O)C=1C=NN(C1)C2CCCC2,-37.43
COC=1C=CC(=CC1F)CC(N)=O,-33.45
NC(=O)CC1=NOC=2C=CC=CC12,-30.53
CNCC=1C=NC(=NC1)C(C)C,-28.29
CCNCC1=CN(C)N=N1,-26.4
CNC1CCCCC1S(C)(=O)=O,-31.09
O=C1C=CC(=NN1)C2CC2,-21.53
NC=1C=CC(=NN1)C2CC2,-27.6
NCC=1C=C(F)C=C2COCOC12,-30.4
CNCC1(O)CCC=2C=CC=CC21,-35.75
NC1CCC(CC1)N2CCCCC2,-29.92
NC(=O)C1=CSC(N)=N1,-17.28
OC1(CC=2C=CC=CC2F)CCNCC1,-34.39
CC1=NNC(N)=C1C=2C=CC=C(C)C2,-32.88
O=C1NN=C2CCCCN12,-21.95
CC=1N=C2CCC(N)CN2N1,-26.15
CC=1C=C(C=CC1F)N2C=C(CO)N=N2,-38.32
CNC=1C=C(NN1)C=2C=CC=CC2,-30.38
CN1C(=O)CNC=2C=CC=CC21,-31.04
CN1C(=O)CCC1C(=O)O,-12.24
CNCC=1C(C)=NOC1C,-21.04
NC(=O)C1CNC2=CC=CC=C2C1,-33.52
CN1N=C(C=2C=C(SC21)C(=O)O)C(F)F,-18.68
NC=1C=CC(Cl)=C(CO)N1,-26.01
CN1N=C(C=C1N)C2CCOCC2,-34.5
CN1CCN(CCO)CC1,-29.95
CC(C)N1CCCC(CO)C1,-35.74
OCC1=NC(=CS1)C(F)(F)F,-21.21
CN1NC(=O)C=2C=CC=NC21,-22.55
CC=1C=C(C(C(N)=O)=C(N)N1)C(F)(F)F,-24.11
C1=CSC(=N1)C2=NN=CN2,-29.08
CNC(=O)C1CNC=2C=CC=CC2O1,-34.35
CC1=NN(CC=2C=CC=CC2)C(C)=C1CN,-36.67
O=C1CCN(N1)C=2C=CC=CC2,-33.82
NC=1N=CC(=CC1Cl)C(F)(F)F,-28.71
O=C(O)C=1C=CC(Cl)=CC1,-12.9
CC1(C)CC(O)CC(C)(C)N1,-29.16
O=C(O)CC=1C=CC(F)=CC1,-12.3
CC=1C=CC=C(CCCO)N1,-40.58
COC=1C=CC(Cl)=CC1C(=O)O,-26.06
O=C(O)CC=1C=CC=C(F)C1,-17.52
O=C(O)CC=1C=CC=CC1F,-14.95
CN1C=NC2=C1C(=O)N(C)C(=O)N2C,-28.75
NC(=O)N1CCCC(C1)C(=O)O,-17.53
O=C(CNC1CCCC1)N2CCCC2,-35.29
CC=1C(=CC=CC1N2CCNC2=O)C(=O)O,-31.25
CC1CC(C=2C(=O)NN(C)C2N1)C(F)(F)F,-31.92
CC1=NN(C(C)=C1CO)C(F)F,-28.35
OCC=1C=C(Cl)C2=NC=CN2C1,-33.43
CC1CN(CCCN)CCCO1,-29.09
OC1CN(C1)C=2C=CC(=CN2)C(F)(F)F,-29.19
CN1C=C(C=N1)C2CCCN2,-27.09
CC1=NC=2C(=CC=CC2N1)C(=O)O,-23.46
CC1(CCCOC1)C(=O)O,-6.65
CN1N=C(C=C1N)C2CCCOC2,-32.89
C1=CN2CCN(CC2=N1)C3CCNCC3,-29.66
OCC=1C=CC=2NN=NC2C1,-26.19
CC=1C=C(CN2N=C(C)C=CC2=O)ON1,-29.49
C1=C(NN=C1C2CC2)N3CCNCC3,-34.75
NCC=1C=C(F)C(=C(F)C1)N2CCOCC2,-32.02
CN1C=C(C=N1)C2CCCCN2,-32.14
CC1C(=O)NCCN1C(=O)C2=CC=CO2,-32.17
CC1C(=O)NCCN1C(=O)C=2C=CC=CC2,-37.13
O=S(=O)(NC1CCCC1)C2CCOCC2,-26.63
CNC1=CC=C2N=C(C)SC2=C1,-31.59
CNC=1C=CC=C(C1)CO,-27.37
O=C(O)CN1C=C2C=CC=CC2=N1,-14.25
NS(=O)(=O)C=1C=CC=2COCC2C1,-31.15
CN1C(=O)CNC(=O)C=2C=CC=CC21,-19.89
OCC1=CNC(CC=2C=CC=CC2)=N1,-37.83
O=C(O)CC1OCCC=2SC=CC21,-28.44
CC=1C=CC(=CN1)C2CCNCC2,-32.72
COC=1C=CC=2NC(=CC2C1)C(=O)O,-10.1
CC1CNC(CO1)C=2C=CC=CC2,-34.82
CC(O)CC1=NC2=CC=CC=C2S1,-34.61
CC=1C=CC=NC1CCN,-23.16
CC=1C=CC=C(CCN)N1,-26.35
O=C(O)CC1OCCC=2C=CSC21,-20.19
CC(C)C1CCCC(N)C1,-26.65
O=C(O)CC1OCCC2=CC=CC=C21,-28.08
CC1(C)CCCN1CCN,-31.15
OC1(CCOCC1)C=2C=CC=CC2,-30.83
OC1(CC=2C=CC(F)=CC2)CCOCC1,-30.5
C=C(C)CN1CCCC1C=2C=NN(C)C2,-41.97
CC=1C=C(C=CC1C(N)=O)NC(C)C,-26.82
CNCC1=CC=C(O1)C(=O)NC,-26.41
C=1C=CC=2NC(=NC2C1)C3CCCO3,-32.62
NC=1NN=C(C1C=2C=CC=CC2)C(F)(F)F,-33.58
CC=1C=CC=C(C1)C(=O)N2CCCNCC2,-37.6
CC1CCCC1NCCO,-40.62
O=C(O)C1=CC=C2NC=CC2=C1,-17.37
CC1CNCC(O1)C2CC2,-25.46
CN1CC(=O)NC2=CC=CC=C2C1=O,-35.44
O=C1CC(C(=O)N1)C=2C=CC=CC2F,-31.73
OCC1CN(CC=2C=CC=CC2)CCO1,-45.44
NC(=O)C=1C=CC=2NCCC(=O)NC2C1,-29.09
O=C(O)C=1SC=CC1OC(F)F,-10.49
FC(F)(F)C=1C=CN=C(N1)C2CCNCC2,-28.0
O=C(O)C1CC21CCOC2,-16.4
OC1(CCOC1)C(F)(F)F,-26.68
COC=1C=CSC1C(=O)O,-10.96
CC1=CSC(=N1)C(C)N2CCNCC2,-38.13
N#CC=1C=CC(CN2C=NN=C2)=C(F)C1,-33.21
O=C(O)CC1=COC(=N1)C2=CC=CS2,-19.08
NC=1NN=CC1CCCO,-30.17
O=C1NCC=2C=CC=CC2N1CCO,-32.03
C[C@@H](O)C=1C=CC=C(C#N)C1,-36.49
NC(=O)C1CCC2=CC=CC=C21,-29.21
OC[C@@H]1CCCN1CC2=CC=CC(F)=C2,-38.04
CC=1C=NC(N)=NC1C=2C=CC=CC2,-33.0
CCC1=NNC(=O)C(C#N)=C1CC,-22.55
CCC1CNCCN1CC(C)O,-35.32
CC(C)N1C=CN=C1CN2CCCNCC2,-41.99
NC1CCC2=NC=NN2C1,-25.85
CCC=1N=C2CCC(N)CN2N1,-30.14
CC1=CC(C)=NN1CC2CNCCO2,-30.12
CC1=NN(C)C(C)=C1C2CCCN2,-31.72
O=C1CNC(=O)C=2SC=CC2N1,-32.09
CNC=1C=NN=C2C=CC=CC12,-31.3
O=C1NC=NC=2NCCCC12,-24.86
OC1(CC=2C=CC=C(F)C2)CCNC1,-35.86
OC1(CC=2C=CC=CC2)CC3CCC(C1)N3,-37.0
CCN1CCNC(C)C1=O,-27.78
CC(C)C1=NC=2CNCCC2N1C,-29.92
O=C(O)CN1C(=O)CCCC=2SC=CC21,-18.78
NC1=NOC(CC=2C=CC(F)=CC2)=N1,-35.79
NC1=NOC(CC=2C=CC=CC2)=N1,-30.94
OCC1CCC=2C=CC=CC21,-31.05
CC1=NC(C)=C(CCN)S1,-30.57
CCNCC=1C=CC=2NC=CC2C1,-33.66
OCC1=NC(CC=2C=CC(F)=CC2)=NO1,-35.75
OCC1=NC(CC2=CC=CC(F)=C2)=NO1,-34.01
CC1=NN(C)C(N)=C1C#N,-23.62
CCC(O)C1CCCCN1,-35.45
COCCN1N=C(C)C=C1C,-35.69
C=1N=CN(CCC=2C=CC=CC2)N1,-31.47
NS(=O)(=O)C=1C=CC=2OCCCC2C1,-32.42
OCC1=NOC=2CCCCC12,-33.69
CCC1=NC(=CS1)C(C)N,-27.54
C1CN(CCO1)C2CCCNCC2,-33.47
CNC=1C=C(C#N)C=2C=CC=CC2N1,-37.67
CC1CNCC(O1)C(F)(F)F,-23.46
COCC1CNCC(C)O1,-25.4
CC1=NC(=CS1)C=2C=C(OC2C)C(=O)O,-23.51
O=S1(=O)CCNC2CCCCC21,-26.21
CCC(N)C1CCOCC1,-22.66
O=C(O)C=1C=CN=CC1C(F)(F)F,-14.4
OCCOC=1C=CC=NC1,-30.79
CN1C(=O)CC(C(=O)O)C1C=2C=CC=CC2,-24.63
O=C1CCCCN1C=2C=CC=CC2,-31.76
CN1N=CC=C1C(O)C=2C=CC=CC2,-37.73
CN1N=CC=C1N2CCCC(N)C2,-26.92
CN1N=CC=C1CC2CCNCC2,-32.49
CCN1N=CC=C1CCO,-28.34
CN1C=CN=C1CC2CCCNC2,-30.35
CN1C=CC=2CCNC(=O)C21,-20.69
CC1NC=2N=CC=CC2NC1=O,-25.87
OCC#CC=1C=CC=C(F)C1F,-30.94
NC1CCSC2=CC=C(F)C=C21,-32.9
NCCC1=CSC(=N1)N2CCCC2,1.04
CN1C(=O)CC(C(=O)O)C1C2=CC=CS2,-22.2
CN1CCC(CN)C1C2=CC=CS2,-29.76
CN1C(=O)OC=2C=C(C=CC21)CO,-31.12
C1=NNC=C1C2CCCCN2,-32.22
NC1CCOC(C1)C=2C=CN=CC2,-35.43
NC1CCOC(C1)C2CC2,-26.96
OC1CCOC2(CCOCC2)C1,-31.37
NC1CCOC2(CCOC2)C1,-23.94
CC1CC(CCO1)C(=O)O,-15.54
O=C(O)C=1C=NC=C(F)C1,-11.38
COC=1C=C(C)SC1C(=O)O,-25.38
COC1=NC(C)=CC(=O)N1,-20.43
OCC=1N=CC=CC1C(F)(F)F,-28.12
CC1=CC(CC(=O)O)=NO1,-15.04
CC(C)C1CCNC(=O)CC1,-30.0
NC=1C=C(C=CN1)CCO,-26.85
CCC=1C=C(Cl)C=NC1N,-26.37
CC1(C)C(=O)NC=2C=CC=CC21,-29.32
O=C1C=CC=NN1C=2C=CC=CC2,-30.84
CC=1SC=CC1CC(=O)O,-10.61
O=C(O)CC1NC(=O)C2=CC=CC=C21,-28.88
COC=1C=CC=2C(=O)NCCCC2C1,-34.67
ClC=1C=CC=CC1C2CNCCN2,-40.02
CC1=NC(C)=C(C)N=C1N(C)C,-28.37
CCC1=NNC(=O)N1CC,-18.92
COC=1C=NC=C(C1)OC,-24.03
CC1(CC=CCC1)C(=O)O,-6.4
COC1=CC=CC2=CC=C(N)N=C12,-31.37
CC1=NC(C(N)=O)=C(N)N1C,-19.36
CN1C=C(N)C(=N1)C(N)=O,-17.88
CCN1C=C(N)C(=N1)C(N)=O,-17.52
CCN1C=C(C(C)=N1)C(C)N,-29.45
CC(C)N1N=CC(C(N)=O)=C1N,-26.52
CC1=NC2(CCCC2)C(=O)N1,-29.21
O=C1N=C2C=CC=CN2C(=O)N1,-27.85
CC=1N=CC=NC1CCO,-24.29
CC=1C=C(C(=O)O)N(N1)C(F)F,-14.92
CN1C=C(C(=O)O)C(=N1)C2CC2,-16.62
CCN1C=C(C(=O)O)C(=N1)C2CC2,-16.98
CN1C=C(CO)C(=N1)C=2C=CC=CC2,-36.92
O=C1CCC=2C=CC=NC2N1,-31.54
CCC=1C=CC(=CC1)C2CNCCN2,-41.55
O=C1CCOC2=CC(F)=CC=C12,-22.83
O=C(O)C1C=CC=CC=C1,-15.98
CCOC=1C=CC=C(C)N1,-26.03
CC=1C=CC=NC1CCO,-31.83
C=1N=C(N=C2CCNCC12)C3CC3,-28.01
CN(C)C1CCCC(N)C1,-22.34
CC=1C=CC(C(N)=O)=C(F)C1,-26.8
COC=1C=CC=CC1C2CNCCN2,-35.75
COC=1C=CN=CC1C#N,-25.25
CC=1C=CC(=CC1)N2CCNCC2=O,-36.01
CCC(C)N1N=CC=C1C(=O)O,-19.44
C1=CC(=CN=C1)C2CNCCN2,-34.75
CC=1C=CN2N=CC(C(=O)O)=C2C1,-11.04
NCCC1=CN2CCSC2=N1,-24.56
CCC=1C=C(ON1)C(=O)O,-6.31
O=C(O)C=1C=CN=C(C1)C(F)(F)F,-18.25
CN1CCCC(C)(CO)C1,-34.78
NC1=NN=C(O1)C(F)(F)F,-19.51
C1=CC=2NCCNC2N=C1,-21.75
CN1CC(=O)NC2=CC=CN=C21,-29.17
C1=CC=2CCCNC2N=C1,-28.55
OCC1CC=2C=CC=CC2C1,-29.12
COC=1C=CC=CC1C2=NN=CO2,-31.88
NC=1C=C(N=CN1)C(F)(F)F,-18.39
OC1CCC=2NN=CC2C1,-29.01
COC=1N=CC=CC1CCN,-22.42
CC1=C(C=NN1C)CCN,-28.86
CC1=NN(C)C=C1CCN,-5.07
OCC=1C=CC(=CC1)C2=CNC=N2,-35.2
COC=1C(C)=CSC1C(=O)O,-19.0
O=C(O)C=1C=CN(CC(F)F)N1,11.33
C=1N=CC=2CCNCCC2N1,-28.28
O=C(O)[C@H]1CCCC(=O)N1,-10.81
C=1C=CC(=CC1)CCC2CNCCO2,-40.24
O=C1CC(CO)CN1C=2C=CC=CC2,-43.56
O=C(O)C=1C=C2CCCCN2N1,-15.8
CCN1N=C(C=C1C(=O)O)C2CC2,-4.61
O=C1NCC=2C=CC(F)=CC12,-22.46
COC=1C=CC=C2C(=O)NCC12,-27.21
O=C1COC=2C=C(F)C=CC12,-20.44
CC1=CC=CN2C(N)=CN=C12,-29.35
NC=1C=NC(=NC1)C(F)(F)F,-22.37
CC=1C=CC=2C=CC=C(C(=O)O)C2N1,-28.48
O=C1C=CC(=NN1)C(F)(F)F,-16.93
O=C1NCCN2N=CC=C12,-22.65
O=C1NCCNC2=CC=CC=C12,-21.57
CCN1N=C(N)C=C1C2CC2,-31.69
CNC=1C=C(C=CN1)OC,-20.31
FC(F)(F)C1=NNC=2C=CN=CC12,-26.12
CCC1=NC(C)=C(O1)C(=O)O,-8.23
CC1(CCCCO1)C(=O)O,-9.04
OCC1=CN=C2C=CC=CN12,-24.75
O=C1CC2(CCCC2)CN1,-23.64
CC(C)CC1CNC(=O)C1,-25.69
CC1(C)CNCC(C)(C)O1,-19.54
CC=1N=C(O)C=CC1C#N,-21.76
CC=1C=CN=CC1CCN,-26.99
O=C(O)CC=1C=CC=C(C1)C(F)F,-19.73
CC(C)CC1(CN)CCC1,-30.56
O=C(O)C=1ON=C2CCCCC12,-5.63
COCC1(CN)CCCC1,2.02
COC1=CC=C2NN=C(N)C2=C1,-26.27
NC=1N=CC(=CN1)C(F)(F)F,-21.37
NC=1C=C(C=CN1)C=2C=CC=NC2,-33.02
C=1C=CC=2NCCOCC2C1,-22.26
C1COC(C1)C2CCNCC2,-25.4
CC=1N=C2CNCCN2N1,-29.32
OCC=1C=CC=C2C=NNC12,-27.31
COC=1C=CN=CC1CO,-23.78
OCCC=1C=CN=C2C=CC=CC12,-34.5
OC1(CCC1)C=2C=CC=CC2,-36.91
NC(=O)C1CCC(F)(F)CC1,-25.11
CC=1NN=C(C1C(=O)O)C(F)(F)F,-18.91
CNC1CCC(CO)CC1,-33.34
NC(=O)C=1C=CN=CC1F,-24.1
CC=1C(N)=CC=NC1CO,-29.06
CC=1ON=C(C1C(=O)O)C2CC2,-12.62
CC1=NOC(=C1C(=O)O)C2CC2,-17.25
OC1CNC=2C=CC=CC2C1,-30.12
O=C(O)C=1C=CC=C2CCNC12,-16.81
OCC1=CC=2C=CN=CC2S1,-26.0
FC=1C=CC(=NC1)C2CCCCN2,-36.9
C=1C=CN2C(=NN=C2C1)C3CCCNC3,-35.71
O=C(O)C1=CC2=C(Cl)C=CC=C2N1,-18.99
CC=1C=CC=C2NC(=CC12)C(=O)O,-17.71
C=1C=CC=2OC(=NC2C1)C3CCCCN3,-35.39
O=C(O)C1=CC2=CC=C(Cl)C=C2N1,-3.31
CC=1NN=C(C1Cl)C(F)(F)F,-26.8
CC1=NOC(=C1C(=O)O)C(F)(F)F,-15.89
CC1NC=2C=CC=CC2NC1=O,-26.1
COC=1C=C(C=CC1F)CO,-32.58
COC=1C=CN=C(C1)C(N)=O,-26.7
OCC1=CN=CN1CC=2C=CC=CC2,-37.97
O=C(O)C=1C=CC=C(N1)C(F)(F)F,-14.82
NC(=O)C=1C=CC=CC1CC(=O)O,-16.02
OCC=1C=CC=2OC=CC2C1,-24.93
O=C(O)CC1=CC=C(Cl)C(F)=C1,-22.15
O=C(O)C=1N=CC=CC1C(F)(F)F,-16.08
O=C(O)C=1C=NC=C(C1)C(F)(F)F,-6.49
C=1C=NC=2OCCNC2C1,-23.37
CN1C(=O)CCC1CC(=O)O,-11.1
CCC1C(=O)NC=2C=CC=CC21,-29.19
CN1N=CC=2C(=O)C=CNC21,-25.54
C1CC2(CN1)CCCOC2,-27.57
OC1CCCC2=CNN=C21,-30.21
C1=NC=2CCNC(C3=CC=CN=C3)C2N1,-36.14
NC=1C=C(C=CN1)C(F)(F)F,-20.76
NC=1C=NC=2CCCCC2C1,-32.22
CC=1C=CN2C(N)=NN=C2C1,-27.52
CN1C=C(C(N)=O)C(N)=N1,-17.99
NC1CCCN2N=CN=C12,-24.27
NC=1C=NC=2CCCCC2N1,-29.57
NC=1C=C2CCCCN2N1,-19.61
COC1(CN)CCOCC1,-21.84
COCC1CCC(N)CC1,-18.43
CC=1C=CC=2NC=NC2C1C,-28.01
CC1(C)CNCC(C)(C)N1,-24.21
C=1C=C2NCCNC2=CN1,-24.95
O=C1NCC=2N=CC=CC12,-21.62
OC1(CCNCC1)C2CC2,-24.61
CC1CNC(=O)CC(C)C1,-29.5
O=C(O)C1CCNC(=O)C1,-24.11
O=C1C=CNC=2CCCCC12,-25.12
O=C1CN2CCCC2CN1,-29.01
CC1CCCC(C)C(=O)N1,-27.66
COCC1CCNC(=O)C1,-25.59
C1COC2CCNCC2C1,-24.97
O=C1NCCCC1CCO,-23.85
CC1CCC(C1)NCCO,-33.21
CC1CC=2C=NC=CC2N1,-28.68
COCC1(O)CCNCC1,-19.94
CC(C)C1COCC(=O)N1,-23.88
O=C1NN=C2CNCCN12,-23.65
C[C@@H](O)CN1CCNCC1,-28.71
O=C1CC(CCN1)C(F)(F)F,-18.21
O=C1CCCC(N1)C(F)(F)F,-25.22
CC1=CCC(CC1)C(=O)O,-12.51
CC=1C=C(CC(=O)O)ON1,-10.81
O=C(O)[C@H]1[C@@H]2CCCC[C@H]12,-10.36
CC1(C)CCCC1C(=O)O,-14.73
CC1CCC(CC(=O)O)C1,-22.3
CC1(CCC(=O)N1)C(=O)O,-17.65
CN1C=C(NC1=O)C(=O)O,-11.89
O=C(O)CC1=CCOCC1,-14.46
CCC1CCCC1C(=O)O,-11.58
CC1CCCC1(C)C(=O)O,-15.64
CCC1=NOC=C1C(=O)O,-9.48
CC1COCCC1C(=O)O,-12.89
CC=1NN=C(C(=O)O)C1F,-14.59
CCC=1N=COC1C(=O)O,-15.57
NS(=O)(=O)C=1C=CC=2CCNC(=O)C2C1,-28.12
CCC1=NN=C(CO)N1C,-28.56
CC=1C=NC=CC1OC2CCNCC2,-33.99
O=C1CC(CO)CN1CC=2C=CC=CC2,-44.75
COC=1C=C2C=CC(=O)NC2=CC1OC,-32.33
NC1CCCN(CC=2C=CC=CN2)C1=O,-33.79
C1CNCC2(C1)CCCOC2,-28.13
NC1CC(=O)N2CCCCC12,-26.64
COC=1C=CC(=CC1)C2C(CO)CCN2C,-40.79
O=C(O)CN1CCC=2C=CC=CC2C1=O,-22.3
OCC1=CN=C(O1)C(F)(F)F,-21.76
CC1=NC(CO)=C2C=CC=CN12,-29.99
NC1=NC(=NN1)C2=CC=CC=C2F,-30.07
O=S1CCNC(C1)C=2C=CC=CC2,-41.29
COC1=CC=C2C(N)=NOC2=C1,-25.0
OCC=1C=C2CCCOC2=CN1,-34.54
OCC1CCCC2=CC=CN=C21,-34.54
O=C(O)C1CCCC=2NC=NC21,-21.13
CC1CCNC(C1)C(N)=O,-29.54
O=C(O)C1=CON=C1C2CC2,-8.21
CC=1N=CC=2CNC(=O)C2C1N,-28.31
NS(=O)(=O)C=1C=CC=2CCCNC2C1,-28.57
O=C(O)C1CN(C1)C(=O)C2CCCCC2,-24.54
CN1C=CC(=N1)N2CCC(N)C2=O,-26.43
CN1CCC(OC2=CC=CC(F)=C2)C1=O,-37.28
O=C(O)C1CCCCC(=O)N1,-13.97
COCC1=NC=2C=CC=CC2CN1,-33.62
NC1=NN=CN1CC=2C=CC=CC2,-31.22
O=C1CC(CC=2C=CC(F)=CC2)C(=O)N1,-32.89
FC=1C=CC(=C(Cl)C1)C2CNCCO2,-33.26
NC(=O)C=1C=NC(=NC1)C(F)(F)F,-24.61
N#CC1CCCC(F)(F)C1,-25.64
O=C(O)C1CCCC(F)(F)C1,-18.25
CC1=NC=C(CO)N1C=2C=CC=CC2,-40.02
CC1=CC=C(O1)C2CS(=O)(=O)CCN2,-34.17
CC1NCCS(=O)(=O)C1C,-22.41
CC(C)C1=NN=CN1CCN,-10.79
CC=1C=CC(=CC1)C2OCCCC2CN,-33.68
O=C1CCNC2=CC=C(F)C=C2N1,-32.56
O=C(O)C=1C=CN(N1)C2CCCCC2,-29.94
CC1(C)NC(=O)C(NC1=O)C=2C=CC=CC2,-32.44
CCNS(=O)(=O)N1CCN2CCCC2C1,-40.03
CCC1(CO)CCNCC1,-28.72
NS(=O)(=O)C=1C=NC=C(Cl)C1,-26.08
CC1(C)CC(C(=O)O)C=2C=CC=CC2O1,-26.98
NC1CN(CC=2C=CC=CC2)CCC1CO,-43.05
OCC1=CN=C2C(F)=CC=CC2=C1,-35.9
N#CC=1C=CC=C(C1)C(F)F,-30.85
NC1CCN(CC=2C=CC=CC2)CC1CO,-42.09
CC=1N=C(SC1CC(=O)O)C2CC2,-28.97
CN1CCC(=O)NC2=CC(F)=CC=C21,-39.96
O=C(O)C1(O)CCC(CC1)C(F)(F)F,-13.91
NS(=O)(=O)C1CCC(CC1)C(F)(F)F,-25.01
CC1(O)CCCC(C1)C(F)(F)F,-33.12
CC1=NN=C(N1)C2=CC=CC(C#N)=C2,-35.02
FC(F)(F)C1CNCCO1,-21.1
NC1C=2C=CC=CC2CCC1CO,-32.93
COCCN1CCNC(C)(C)C1,-29.93
CC(N)C1CN(CC=2C=CC=CC2)CCO1,-35.72
CN1C=C(C=N1)N2CCC(CO)C2,-32.52
C=1C=CC=2NC(=NC2C1)C3CNC3,-28.0
CCN1CCC(=O)NC(C)C1=O,-28.88
CCN1CCC(=O)NC2(CCCC2)C1=O,-35.67
CCC1NC(=O)CCN(C)C1=O,-29.8
C=1C=CC(=CC1)C2CNCCN2,-34.67
CS(=O)C=1C=CC(=CC1)CC(=O)O,-19.91
CC1CN(CCO)C(C)CN1,-35.85
COC=1C=CC=C2CCC(C(=O)O)C12,-18.35
NC1=NOC=C1C2=CC=CC=C2F,-29.52
OCC1=CN=NN1C=2C=CC=CC2,-36.07
CC1=NN2C(CO)=C(C)N=C2S1,-39.21
CC(C)C=1N=CSC1C(=O)O,-7.26
OC1CCCOC=2C(F)=CC=CC21,-34.82
CC=1C=C(C=CC1F)C2CNCCO2,-31.59
CC=1N=C(OC1C(=O)O)C(C)C,-18.18
CC(C)C1=NN=C(CCN)S1,-31.77
C=1C=CC2=C(C1)CCC32CNCCO3,-30.9
CC=1C=CC=C2N=C(N)OC12,-23.88
FC=1C=C2NCCOC2=CC1F,-25.33
OCC1(CCOCC1)C=2C=CC=CC2,-35.26
CC=1N=C2SC=CN2C1C#N,-24.61
CN1C(CO)=NN=C1C=2C=CC=CC2,-33.18
O=C1CCC(=NN1)C(F)(F)F,-20.33
CNC=1C=CC(=CN1)OC,-28.76
CC=1C=CC(=CC1C#N)C(=O)O,-16.61
O=C(O)C=1C=C2CCCN2N1,-14.24
O=C1CC=NN1C=2C=CC(F)=CC2,-34.31
OCC=1C=CC=CC1C2CCNCC2,-33.5
O=C1CCCC(N1)C=2C=CC=CC2,-37.09
O=C(O)C=1C=NN2CCCC12,-15.56
O=C(O)C1CCC(F)(F)C1,-9.42
COC=1C=CC(F)=CC1CC(=O)O,-14.95
O=C1NCCCC1CC=2C=CC=CC2,-32.47
CN1N=NC=2C=NC=CC21,-21.4
NC=1C=CC=NC1C(F)(F)F,-18.59
COC=1C=CC=C2CC(N)CC12,-26.91
CC=1C=CC=C2C(=COC12)C(=O)O,-12.88
O=S1(=O)CC=2C=CC=CC2C1,-24.16
CC=1C=C(C#N)C=CC1C(=O)O,-19.46
C=1C=CC2=C(C1)COC32CCCNC3,-34.63
OCC1=NN=C2CCCCN12,-29.07
CC1=NC(C)=C(C)NC1=O,-28.1
COC=1C=C2C(O)=CC=NC2=CC1F,-28.64
CN1C=NN=C1C2=CC=CC=C2Cl,-32.13
COC=1C=CC=NC1C(F)(F)F,-22.56
O=C1CC2(CN1)CCCCC2,-25.24
O=C1CC2(CN1)CCOCC2,-22.23
OCC=1C=CC=C(C1)C=2C=CC=CN2,-43.52
CN1C(=O)NC=2C=NC=CC21,-24.81
OCC1CNC2=C(F)C=CC=C2C1,-34.77
CC(O)C=1C=CC(F)=CN1,-27.18
OCCC1=CN2C=CC=CC2=N1,-29.46
O=C1C=CC=CN1C(F)F,-17.59
CC=1C=CN2N=CN=C2C1N,-23.85
CC1(C)CNC=2N=CC=CC2O1,-26.35
CNCC=1C=CC(C)=CN1,-23.86
OCCC1CCC2=CC=CC=C2N1,-37.58
O=C1COCC(N1)C=2C=CC=CC2,-35.87
OCC1=CC=C(OC(F)F)C(F)=C1,-32.09
O=C(O)C=1C=CC=NC1C2CC2,-23.4
C=1C=NN(C1)C2CCCCO2,-29.45
O=C1NCCC1CC=2C=CC=CC2,-35.83
OCC1=CNC2=CC=CC(F)=C12,-29.23
CN(C)C=1C=CC=NC1CN,-30.04
N#CC=1C=CC(CO)=C(Cl)C1,-32.35
C[C@@H]1CN(CCN1)C2CCOCC2,-38.64
O=C1NCCCN1CC=2C=CC=CC2,-32.57
O=C(O)C=1C=CN=C(C1)C2CC2,-19.6
COCC1=CSC(=C1)C(=O)O,-16.14
N#CC=1C=CC(=NC1)C(F)F,-26.93
O=C1NCC=2C=CC=NC12,-27.55
CN1N=C(C=C1O)C(F)(F)F,-24.6
O=C1CC=2C=C(F)C=CC2N1,-28.27
CN1C=C(CN)C(=N1)C(F)(F)F,-22.76
OC1CCCN2C=CN=C12,-28.92
OCC1=CC=2C=NC=CC2O1,-25.14
CN1NC(=O)C=2C=CC=CC21,-27.97
CN1N=CC(O)=C1C(F)(F)F,-17.68
CC(C)C=1C=CC(C#N)=CN1,-21.18
ClC=1C=CC=C(C1)C2CNCCN2,-41.36
O=C(O)C=1C=C2CCCCC2=CN1,-28.91
O=C(O)CC1CCCC(=O)N1,-19.3
CN1C=C(C#N)C(=N1)C(F)(F)F,-21.66
O=C1CC2(CN1)CCCNC2,-22.13
COC=1C=CC=2OCC[C@@H](O)C2C1,-37.09
CC=1C=CN=C(CCO)N1,-30.93
CC1=NC=2C(C#N)=CC=CC2N1,-27.83
CC=1C=NC=2NCCNC2C1,-31.1
NCC=1C=CN=C(C1)OC(F)F,-23.25
CC=1C=CC=2N=C(C=CC2C1)C(=O)O,-30.25
CC=1C=C(F)C(C(=O)O)=C(F)C1,-17.65
NCC1CN2CCCCC2CO1,-28.17
CC1(C)CC(O)C(C)(C)O1,-20.18
CN(C)C=1C=CC=NC1C#N,-27.03
NC=1C=CC(=CN1)OC(F)F,-22.32
CS(=O)(=O)C1=CC=C(C#N)C=C1F,-27.18
C=CCOC=1C=CC=NC1,-29.0
NC=1C=NC=2CCOCC2C1,-31.27
O=C1CC=NN1C2=CC=CC=C2F,-32.99
COC=1C=C(C#N)C=C(C)N1,-26.29
CC(F)(F)C=1C=CC=C(N1)C(=O)O,-4.55
O=C(O)C=1C=CC=2COCCC2C1,-19.99
CC1=NC=2CCCCC2N1,-29.01
NC1=CNN=C1C2=NC=CS2,-21.6
O=C(O)C1CC2(C1)CCCCC2,-22.43
O=C(O)C1CC2(C1)CCOCC2,-21.94
CNC=1C=C(NN1)C(C)C,-24.86
COCC1(C)CNCCO1,-24.12
CC1CNCC2(CCOCC2)O1,-27.1
CCC1CNCC2(CCCOC2)O1,-29.31
CN1C=CC(=N1)C(N)C=2C=CC(Cl)=CC2,-35.48
CC1CNC=2C=CC=CC2N(C)C1=O,-34.49
FC(F)(F)C1=CN2C=CC=NC2=N1,-24.06
CCN1C=CN=C1C(N)C2CCOCC2,-32.21
CS(=O)CC1=C(OC=2C=CC=CC12)C(=O)O,-24.64
CC(C)N1N=C2CCCC2=C1N,-27.18
CCN1N=CC2=C1CCCC2N,-30.54
CN1C=C(N)C(=N1)C(=O)NC2CCC2,-26.6
CC1=CSC(=N1)C2COCCN2,-33.45
CC(C)C=1N=CC=C(O)N1,-23.88
OC=1C=CN=C(N1)C2CC2,-27.39
NC1CC(C1)C=2C=CC=CC2F,-31.82
CC1=CSC(CC=2C=CC=CN2)=N1,-35.88
CC(N)C1=NC(=NO1)C=2C=CC(F)=CC2,-34.42
O=C(C=1C=CC(Cl)=CC1F)N2CCNCC2,-37.2
CC1=NSC(C)=C1C(=O)O,-13.57
CC1=NC=2C(=CC=CC2O1)C(=O)O,-19.84
CC1(C)CCCCC1C(=O)O,-20.19
CC=1C=C(CC(=O)O)SN1,-16.99
CS(=O)C=1C=CC=CC1CC(=O)O,-11.72
CC1(CCCNC1=O)C(=O)O,-4.82
CC(C)C=1SC=NC1C(=O)O,-12.82
CC1=NC2=C(CCCC2C(=O)O)S1,-29.32
O=C(O)CC1CCCCNC1=O,-27.91
O=C(O)C1CCC=2NN=CC2C1,-18.93
O=C(O)CC=1C=CC=2NC(=O)NC2C1,-14.26
O=C(O)CC1CCCCC(=O)N1,-21.05
CC1CCN2N=CC(C(=O)O)=C2C1,-21.45
O=C(O)C1=CC=C(O1)C(F)F,-7.7
C1=NC(=CN1)CC=2C=CC=CC2,-35.8
OCC1(CCNCC1)C=2C=CC=CC2,-32.13
C1=NN=C(CC=2C=CC=CC2)N1,-36.91
CC1CC=2N=CNC2CC1C,-27.96
OC1CCCNC=2C=CC(F)=CC21,-37.62
OCC1(CCNC1)C=2C=CC=CC2,-36.94
C1NCC1C2CCOCC2,-24.51
COC1=CC=2CCNCC2C=C1F,-27.64
C1=CNC(=N1)C2CCOCC2,-27.34
O=S1(=O)CCC2=CNC=C21,-17.39
OC(C1=NC=CN1)C2CCCCC2,-32.32
NC1=NC(=NS1)C(F)(F)F,-20.9
CC1=NSC(N)=C1C(N)=O,-22.44
CN1C=C(N)C(=N1)C=2C=CC=CC2,-31.92
CN1C=C(C(N)=O)C(=N1)C(F)F,-25.07
NC1=NC(C(=O)N1)C=2C=CC=CC2,-27.28
CN1N=C(N)C=C1OC(F)F,-21.37
CN1N=C(C=C1OC(F)F)C(N)=O,-23.3
COC=1C=CC=C2C1N=C(N)N2C,-29.47
CN1N=C(N=C1N)C(F)(F)F,-21.42
CC1=NC(O)=C(C)C(C)=N1,-22.39
O=C1C=C(NC(=O)N1)C2CC2,-17.1
OCC1=NN=C(S1)C2CC2,-27.66
CCC(C)N1C=C(Cl)C(=N1)C(=O)O,-21.39
O=C(O)CN1N=C(C=2CCCC21)C(F)F,-18.26
NC1CCC=2C=CC(F)=CC21,-27.61
NC1=CC=NN1CC=2C=CC=CC2F,-34.09
CN1C(CCN)=NC=2C=CC(F)=CC21,-30.16
NC1CC(C1)C=2C=CC(F)=CC2,-29.59
O=C(C=1C=CC(F)=CC1)N2CCCNCC2,-32.29
O=S1CCCNC2=CC=CC=C21,-28.33
NC1CCCC1CC=2C=CC=CN2,-37.9
CC(C)CN1N=CN=C1CO,-30.39
OCC1=NC=NN1CC(F)F,-29.18
CC=1N=C(CC2CC2)OC1C(=O)O,-10.74
CC=1N=CSC1C2=CNC=C2C(=O)O,-14.07
CC1=NC(=NO1)C(N)C2=CC=CC=C2F,-32.48
OCC=1C=CN(N1)C=2C=CC=CC2F,-35.39
NC(CO)C=1C=CC(F)=CC1,-26.8
NC(CO)C=1C=CC=C(F)C1,-30.83
NC(CO)C=1C=CC=CC1F,-32.07
NCC1=NN=C2CCC(CN12)C(F)(F)F,-29.85
NCC1=NN=C2C(CCCN12)C(F)(F)F,-28.53
CC=1C=C(CC2CCCC2N)N(C)N1,-39.61
CCC1(O)CCC(N)CC1,-29.76
CCC1CN(CCC1N)S(C)(=O)=O,-30.27
CC(C)N1CC(C)C(N)C1,-30.11
O=C1NC=NC=2N=C(NC12)C(F)(F)F,-19.38
O=C1NC(=NC=2NC=NC12)C(F)(F)F,-24.43
CN1C=C(C(=N1)C(F)(F)F)S(N)(=O)=O,-24.57
COC=1C=C(C=CC1Cl)CC(=O)O,-24.58
O=C(O)CC=1C=NC=CC1C(F)(F)F,-12.88
COC=1C=CC(Cl)=CC1C(O)CN,-31.26
O=C(O)C1=CC=C(C(=O)N1)C(F)(F)F,-14.58
O=C1COC(CN1)C=2C=CC=C(Cl)C2,-35.83
COC=1C=CC(C)=C(C1)S(N)(=O)=O,-29.72
O=S1(=O)CC=2C=CC(Cl)=CC2N1,-20.24
CS(=O)(=O)C=1C=CC=CC1F,-22.63
CC=1C=NN(C1)C2=CC=C(C=C2F)C(C)N,-43.66
NC1CCCN(C1)C=2C=CC=C(F)C2,-36.83
OC(CC1CCCN1)C=2C=CC=CC2,-42.48
CC(C)CC1=NC(C#N)=C(N)O1,-31.1
CC(C)C1=NN(C)C=C1N,-23.21
FC(F)(F)C=1C=CN(N1)C=2C=CN=CC2,-31.81
OCC1(CC=2C=CC=CC2)CCCNC1,-36.16
COC1(C#N)CCOCC1,-24.43
O=C(O)C=1C=C(NN1)C2CC2,-11.14
CC1(CNC(=O)C1)C2=CC=CN=C2,-30.94
COCC1(C)CNC(=O)C1,-22.38
O=C1CC2(CCOC2)CN1,-20.81
CC1(C)NC(=O)CC1C=2C=CC=CC2,-29.84
O=C1CCC(CC=2C=CC=CC2)N1,-31.74
CC=1C=CC(=CN1)C(O)C2=CN=CN2C,-38.54
COCC1=CC(=NO1)C(N)=O,-22.88
CC=1C(N)=NOC1C=2C=CC=CC2F,-33.46
CC=1OC=CC1C2=CC(N)=NO2,-30.61
CC=1C=NC=C(C1)C2=CC(N)=NO2,-36.27
FC=1C=CC=CC1CO[C@H]2CCCNC2,-42.77
O=C1N(CC(F)F)N=C2CNCCN12,-33.8
CC(N)C1=NC(=NO1)C2=CC=CC(F)=C2,-38.17
NCCOC=1C=CC=CC1F,-30.47
O=C1C(=CC=CN1CC2CCC2)C(F)(F)F,-16.97
CC(C)CN1N=CC(N)=C1C(C)C,-22.73
CN1N=CC(CO)=C1C(F)F,-25.73
COC1(C)CC(N)C1(C)C,-25.24
NCC1=NC=2C=C(F)C=CC2N1,-24.11
NC=1C=NN(C1)C(F)F,-19.9
O=C1CC=NN1CC=2C=CC=CC2,-36.41
NCC1(CCO)CCCC1,-32.2
CC1=CC(=CC(F)=C1)S(N)(=O)=O,-26.58
COC=1C=CC=C(C1)C2(O)CCC2,-35.41
CC(N)C1CN(C)CCO1,-28.53
CN1CCOC(C1)C(N)C=2C=CC(Cl)=CC2,-45.14
OCC1CCCN1CC2CCCN2,-41.09
O=C(O)C=1NC=CC1C2CC2,-6.59
CCC1OCCC1C(=O)O,-12.41
CC(C)C1OCCCC1C(=O)O,-9.96
CCC1OCCCC1C(=O)O,-9.71
O[C@H]1CN(CC(F)F)C[C@H]1O,-29.77
O=C(O)C1CCCC=2NN=CC21,-14.23
OCC=1C=C2CCCN2N1,-25.52
CN1CCC(C)(CO)CC1,-36.91
NC(=O)C1CCCN2C=CN=C12,-28.42
NCC=1C(F)=CC=CC1N2CCCC2,-27.2
CNC1CC(=O)N(CC=2C=CC=CC2)C1=O,-44.14
O=C(NCC1=CNN=N1)C2CC=CCC2,-40.94
CC=1C=CC=C2NC(=CC12)CO,-28.95
CC1=C(N)N=NN1CC2=CC=CC(F)=C2,-35.74
C1=CC(=CC=N1)OCC2CCCCO2,-43.39
NCC#CC=1C=CC(=CC1)C(F)(F)F,-32.41
COCCC=1C=CN=C(N)C1,-28.82
CC1CN(C=2C=CC(=CC2)CN)S(=O)(=O)C1,-38.31
CC=1C=CC=C2N=C(OC12)C3CCNCC3,-33.54
C(C1=NC(=NO1)C2CC2)C3CCNCC3,-32.47
O=C1CCN(CCN1)C2CC2,-31.43
CCC(O)C=1C=CC(F)=CN1,-30.44
CC(O)C1=NC2=CC(Cl)=CC=C2N1C,-35.36
C1=CN(C=N1)C=2C=NC=NC2,-22.34
O=C(O)CC=1SC=NC1C=2C=CC=CC2,-20.54
C=1C=CC(=CC1)CC2COCCN2,-36.15
OC(CC1CCCN1)C2=CC=CS2,-40.24
CN(C=1C=CC(=NN1)C(N)=O)C2CCC2,-30.39
CC1C=2C=CC=CC2CC1O,-26.63
CC1(C)CCCC1(O)CN,-33.61
N#CC=1C=C(C=CC1C(=O)O)C(F)(F)F,-21.62
CCC1(C)CCNC(=O)CC1,-24.1
N[C@@H]1CCCC2=CC(F)=CC=C21,-26.74
CC1(C)CC(C(=O)O)C(C)(C)O1,-10.27
OC1COC=2C=C(Cl)C=CC21,-34.39
OC1CCC=2C=NNC2C1,-26.64
O=S1(=O)CCNCC21CCCCC2,-27.5
OCC1=CC(=NO1)C(F)(F)F,-24.17
CC1CCC(=O)N1CC=2C=CC=CC2,-33.99
CN1C=C(C=N1)CNC=2C=CC(F)=CC2,-35.92
C=1C=C2NCCCNC2=CN1,-31.25
CCN1CCCCC1CO,-33.69
O=C(O)C=1NN=C(C1Cl)C2CC2,-10.58
CNCCN1CCOCC1,-29.84
CC1CN(CC1N)C2CC2,-29.22
CCC1CCC(O1)C(=O)O,-12.14
NC(=O)CC=1C(F)=CC=CC1F,-21.16
OC(C1=CC=CO1)C2=NC=CN2,-37.05
CNC(C1=NC=CN1)C=2C=CC=CC2,-37.66
CN1CCCCC1CCO,-33.91
OCC1CC21CCOCC2,-22.96
NC(=O)C1=CNC(=N1)C2CC2,-26.1
CC1NCCN2C=NN=C12,-25.52
CC1=NN(C)C=2OCCNC12,-26.38
CC1CC=2C=CC(F)=CC2C1N,-31.21
CC1(CC1)C2=NSC(N)=N2,-28.32
NC=1C=NC(CC2CC2)=NC1,-30.08
NC1=NC(CC2CC2)=NS1,4.84
C1CC(C1)C2CNCCO2,-20.85
CN1N=CC=C1C(O)C2CCNCC2,-31.07
CC=1C=CC(=CC1)N2C=CNC2=O,-32.85
COC=1C=CC(=CC1)CC2CC(=O)N2,-37.61
O=C1COC=2C=CC=C(F)C2N1,-28.81
CC(C)C1=NOC=C1C(=O)O,-10.48
O=C(O)C1=CC(=O)NC(=C1)C2CC2,-25.02
N#CC1=C(N)NN=C1C2CC2,-19.67
CN1N=CC=2C=C(C=CC21)CC(=O)O,-16.88
COC=1C=CC=C(C1)C(O)CO,-32.79
O=C(O)CC1CCC(=O)NC1,-14.13
CC1(C)CNC(=O)C(C)(C)N1,-31.4
CC1=NNC(C)=C1C2CCCC(=O)N2,-37.84
O=C(O)C1CNC=2C=CC(F)=CC2C1,-21.81
CN1CCNCC1C2=NC=CN2,-28.16
CN1C(=O)NCC1CC=2C=CC=CC2,-29.52
CC1=NNC(C)=C1C2CCC(=O)N2,-35.13
O=C(O)C=1C=CC=C2CCOCC12,-12.39
CC1=NNC=C1C2CCNCC2,-31.98
CC1=NOC=C1CC(=O)O,-13.66
CC=1N=CC(N)=C(N1)C2CC2,-19.5
OCC1=NC=2C=CC(F)=CC2O1,-29.08
O=C(O)C=1C=NN(C1)CCF,-12.11
CC=1C=C(N)C(=O)N(C)C1,-22.27
COC=1C=CC(CN)=C(F)C1,-25.08
NC(=O)C1CCN(C1)C2=NC(=CS2)C(F)(F)F,-31.11
CC1COC(CO)CN1CC=2C=CC=CC2,-45.86
CC1=CC(C(=O)O)=C(C)N1C2CCOC2,-33.93
CN1C=CN=C1C=2C=C(N)ON2,-27.94
C1CCN2C(=NN=C2C1)C3CCNCC3,-36.28
CC1OC=2C(F)=CC=CC2C1N,-29.07
OCC1CCC2=NN=C(C(F)F)N2C1,-41.27
CC(C)OC=1C=CN=CC1CO,-30.18
CC(C)N1C=NC(=C1)S(N)(=O)=O,-22.16
NS(=O)(=O)C=1C=NN(C1)CC2CC2,-25.24
NS(=O)(=O)C=1C=NN(C1)CC(F)F,-21.37
NC1CCOC2(CCC2)C1,-24.36
COC=1C=CC(=CC1)N2C(C)=CNC2=O,-32.87
C1=NC=2C=NC=CC2N1C3CC3,-28.47
O=C(C=1C=CC=C(F)C1)N2CCNCC2,-33.28
NC1CCN(C1)C(=O)C2=CC=CC(F)=C2,-31.3
O=C(O)C1CCN(CC2=CC=CC(F)=C2)C1,-33.79
CCN1CCC2NCCOC2C1,-33.85
CN1C=C(C=N1)C=2C=C(N)N(C)N2,-32.1
CN1C=CN=C1C(N)C2=CC=CC=C2F,-32.78
C1CC1C2=NOC(=N2)C3CCNC3,-28.93
CN(C)C=1C=NC=CC1C#N,-25.35
COC1(C)CC(O)C1(C)C,-30.04
CC=1C=NC=C(C1)NCC=2C=CN=CC2,-42.82
O=C1CC(CN1)C(F)(F)F,-18.47
N[C@@H]1CC[C@H](CC1)NC2=CC=CC=N2,-29.85
CC=1C=CC=C2OCCC(O)C12,-34.8
O=S1(=O)CC(CN1)C=2C=CC(F)=CC2,-30.32
O=C1NCCC=2SC=CC12,-21.48
O=C1NCCN1C2=CC=CC=C2C(F)(F)F,-32.32
O=C1NCCN1CC2=CC=CN=C2,-33.33
CC=1C=CC(=CC1)CN2CCCNC2=O,-32.32
O=S(=O)(NC1CCNCC1)C=2C=CC=CC2,-19.99
CN1C(CO)=NN=C1C=2C=CC(F)=CC2,-33.25
COC=1C=CC=C2NC(=O)CCCC12,-39.13
FC(F)(F)C1=CNC(=N1)C=2C=CC=NC2,-28.54
O[C@H]1C[C@H](C1)C=2C=CC=CC2,-30.16
OCC12CCCN2CCC1,-34.96
COC=1C=CC=2C(=O)NCCOC2C1,-32.98
NCC1CCC2=NC=CN2C1,-24.37
CN1C=C(C(=O)O)C(=N1)C2CCC2,-17.13
CC=1C=NC(=CN1)CCO,-16.78
OCC=1C=NN2CCCCC12,-27.3
CC=1C=NC(CCO)=C(C)C1,-32.06
OC1CNC(C1)C=2C=CC(=CC2)C(F)(F)F,-40.85
O=C(O)C1(CCC(=O)NC1)C=2C=CC=CC2,-25.1
O=C(O)C1(CNC(=O)C1)C=2C=CC=CC2,-24.27
CC1(C)C(=O)NC=2C=C(C=CC21)C(=O)O,-17.02
CN1N=CC(C(=O)O)=C1CC=2C=CC=CC2,-26.05
CC1(C)CCC(O1)C(=O)O,-12.88
COC1CCC(C1)C(=O)O,-17.76
O=C(O)CN1C=C(C=N1)C2CC2,-17.03
O=C(O)C1NC(=O)CC1C(F)(F)F,-16.34
O=C1CC(CC=2C=CC=CC2)CCN1,-29.67
CN1C=C(C=N1)C2=NC(=CN2)C(F)(F)F,-26.91
CC1(C)OC2=CC=C(C#N)C=C2NC1=O,-30.63
O=C1COCC(CC=2C=CC=CC2)N1,-33.68
O=C1NCCCC1C2CCCCC2,-33.57
CC1(CC=2C=CC=CC2)CCNC1=O,-28.99
CC1(C)CNC(=O)CC(C)(C)C1,-29.5
O=C1CCC(=O)C=2C=C(F)C=CC2N1,-31.21
FC=1C=CC(=CC1)C2NCCC=3NC=NC32,-33.08
CC1=NSC=2N=CNC(=O)C12,-26.13
CC1(C)C2CC1NC(=O)CC2,-29.2
CC(C)N1CC=2C=CC=CC2NC1=O,-36.5
N#CC1=CC=C(N1)C(F)(F)F,-7.84
CNC(=O)C1CCCC=2SC(C)=NC21,-35.32
CNC1=NC(=CO1)C(F)(F)F,-19.48
O=C1NCCC1C2CCCCC2,-28.99
COC=1C=CC=CC1C=2N=CC=CC2N,-33.82
NC(=O)C1=NNC(CC=2C=CC=CC2)=N1,-35.82
NC1=CC(=NO1)C2CCCO2,-31.16
CC1(CCCO1)C=2C=C(N)ON2,-29.49
FC=1C=CC=C(Cl)C1CCC2=NN=NN2,-39.25
NC(=O)C1=C(N)ON=C1C=2C=CC=CC2,-34.97
OCC=1C=CC=CC1CC2CCNCC2,-29.59
CCC(C=1C=CC=CC1)C2CNC(=O)C2,-34.61
N#CC=1C=C(F)C=C(C1)C2(CC2)C(=O)O,-18.95
CN1CC(C(=O)O)C=2C=CC=CC2C1=O,-21.88
O=C(O)CC1OCC2=CC(Cl)=CC=C21,-23.68
OC1CCCNC1CCC=2C=CC=CC2,-48.02
O=C1NCCCNC1CC=2C=CC=CC2,-36.69
NC1=NC=2C=C(C=CC2N1)C(F)(F)F,-25.88
CC=1C=NC=CC1C(O)C=2C=CC=CC2,-35.96
NS(=O)(=O)C1CC=CCC1,-24.91
CCOC=1C=NC=C(C1)CO,-31.57
O=C(O)C=1C=CC=C(C1)C2CCCOC2,-25.99
CCN1C(CO)=NC=2C=C(C=CC21)OC,-36.75
CCC1=CSC(=N1)C2=CNC=N2,-36.05
CN1N=C(N=C1CC#N)C=2C=CC=CC2,-33.62
OCC(O)C=1C=CC=C(Cl)C1Cl,-36.93
O=C1CC(CN1)C2CCCCN2,-31.84
OCC1=NC=CN1C(F)F,-20.44
OCC=1C=CC(=CN1)OC(F)(F)F,-34.5
O=C(O)C1(CC1)OC=2C=CC=CC2F,-15.07
CC1CNC=2C=C(F)C=CC2C(=O)N1,-29.15
CCN1C=NN=C1NC=2C=CC=CC2,-30.94
CC1=NN(C)C(C)=C1C2COCCN2,-33.4
C1CC2(CO1)COCCN2,-28.09
CN1N=C(N)C=2C=NC=CC21,-24.95
NS(=O)(=O)C=1C=CC=CC1CN2C=CN=C2,-28.56
CC1=NN(C)C=C1CCO,-32.71
CC(O)C=1C=CC(=CN1)N(C)C,-33.89
FC=1C=CC(=NC1)C=2C=CNN2,-31.99
C[C@@H](O)CN1CCOCC1,-32.94
CC=1C=C(NN1)N2CCC(N)CC2,-33.07
NS(=O)(=O)C=1C=NC=2CCCC2C1,-28.19
CS(=O)(=O)C1=CC=C(CO)S1,-21.19
O=S1(=O)NCC2=CC(F)=CC=C21,-25.54
N#CC1=COC(=N1)C(F)(F)F,-17.63
CC=1C=CC=C(C1C)C(O)C2=CNC=N2,-43.18
CC1=C(N)C=NN1C2CCOC2,-21.77
CC1CC(=O)NCC21CCC2,-23.05
NS(=O)(=O)C1=CN2CCCCC2=N1,-23.64
NC1CCC2=NN=C(C=3C=CC=CC3)N2C1,-36.59
CCC1=NN(C)C=C1C#N,-25.71
CC[C@H](N)C=1C=CC(F)=CC1,-32.59
CC[C@@H](N)C=1C=CC(F)=CC1,-29.46
CC1(CNC(=O)C1)C(=O)O,-12.68
NC1COC=2C=CC=C(F)C21,-25.05
CC1OCCC1(C)C(=O)O,-8.52
COC=1C=CC=CC1C(N)C2=NC=CN2C,-36.9
CC1CC(C)(C)CNC1=O,-21.11
CN1N=C(CC1=O)C2CCCC2,-34.98
C[C@H](C=1C=CC=CC1)N2CCC(F)(CO)C2,-46.41
CC1=NC=2C=C(C(=O)O)C(F)=CC2N1,-22.58
C1CC2(CCO1)CNCCOC2,-28.89
CCC1=NOC(CC2CCNCC2)=N1,-8.22
CNC(=O)C=1C=CC(=CC1)S(N)(=O)=O,-30.77
O=C1CCCN1C2CCC(O)CC2,-36.36
CCOC1CC(O)C21CCOCC2,-39.54
COCC1CCCCNC1,-27.97
CC(C)N1N=CC=2CCCC(N)C21,-27.31
COCCN1CCCC(O)C1,-38.89
NC(=O)C=1C=CC(=CN1)OC(F)F,-25.57
O=C1NC(CO)=NC=2C=C(C=CC12)C(F)(F)F,-37.08
OCC(C=1C=CC=C(F)C1)N2CCNCC2,-39.67
CC1(CC1N)C2=CC=CC(F)=C2,-35.44
OC1(CCNC1)C(F)(F)F,-19.14
CN1C=C(N=N1)C(C)(C)O,-27.66
CC=1C=C(N=CN1)N2CCC=C(F)C2,-35.42
CC=1OC(=CC1C(=O)O)CO,-10.46
O=C(NC=1C=CC=CC1)C2CCCNC2,-33.9
CC1=NC(=C(CO)S1)C(F)(F)F,-25.04
NCC=1C=CC(CO)=C(F)C1,-26.88
OC1CCCN(CC=2C=CC(F)=CC2)C1,-45.37
NCC1(O)CCC=2C=C(F)C=CC21,-30.47
CC=1C=CC(C(=O)O)=C(N1)C(C)C,-27.34
O=C1CCC(CO)CCN1,-17.65
O=C(O)C=1OC=C2CCCC12,-13.52
O=C(O)C=1OC=C2COCCC12,-8.91
CN1C=C2C=NNC(=O)C2=N1,-27.37
COC1(CC(=O)O)CCC1,-7.11
O=C1COC(CN1)C2CC2,-23.76
CN1N=CC=C1C2CC(N)CCO2,-33.76
O=C(O)CC=1NN=C2CCCCC12,-20.71
NCCN1CCC=2C(Cl)=CC=CC2C1,-40.21
OC=1C=CN=C2C(F)=CC=CC12,-28.3
NCC1=NOC(=N1)C=2C=CC=C(F)C2,-36.05
CCN1N=CC=C1N2CCCC(N)C2=O,-39.5
CNCC1CCC2=NC=CN2C1,-30.76
CCN1C=C(C=N1)C2CNCCO2,-35.69
CC1=NC(=CS1)CN2C[C@@H](F)C[C@H]2CN,-36.19
CN1N=CC=C1CN2C[C@@H](F)C[C@H]2CN,-34.72
CN1C=CN=C1CN2C[C@@H](F)C[C@H]2CN,-35.69
NC=1N=CC=C2CCNCC12,-21.69
CC(O)C1=NOC(=N1)C=2C=CC=CC2,-35.92
CC=1N=CC=CC1C(C)O,-31.71
CC(O)C=1C=CC(=CN1)C(F)(F)F,-28.17
CN1N=CC(N)=C1C(F)(F)F,-19.72
"CC(C)N[C@@H]1CCCC[C@H]1O |&1:4,9,r|",-30.3
CC=1ON=C(OC(F)F)C1N,-21.57
NC(=O)C1(CCOCC1)N2CCCC2,-25.08
O=C1CN(CCCN1)C2CC2,-27.77
CC(C)C=1NC=CC1C(=O)O,-7.04
NCC1CCCCN1C2CC2,-32.43
OCC1=CSC2=NC=CN12,-25.09
CC1(CCC(=O)NC1)C(=O)O,-13.61
CC=1C=CC2=C(C1)CC(=O)N2C,-20.03
CCOC1CC(C1)C(=O)O,-18.89
CC1(C)CC(CC(=O)O)C1,6.56
CC1=NC=2CC(O)CCC2N1,-30.15
CN1C(=O)CCC=2C=CC(F)=CC21,-29.68
CC(C)(O)C=1N=CC=CN1,-26.28
O=C(O)CN1CCN(C1=O)C2CC2,-23.56
C1=CC=2CNCCCC2N=C1,-27.9
NCC=1C=CC(F)=C(C1)CO,-28.31
C1=CN2CCNC3(CCOCC3)C2=C1,-34.09
CC1CNC=2C=CC=CC2S1=O,-32.04
CC(C)C1=CC(=NO1)C(=O)O,-6.05
COC1=CC=CC2=C(N)C(C)=CN=C12,-31.6
CC1OCCCN(CC=2C=CC=CC2)C1=O,-37.56
COC1(CO)CCOCC1,-13.85
NS(=O)(=O)C=1C=NC=2C=CC(F)=CC2C1,-30.37
NC(=O)C1CNCCN1C2CC2,-24.23
CNC(=O)C1CC=CCC1,-27.06
CC(N)C1=CC2=CC(F)=CC=C2O1,-17.55
O=S(=O)(C1COC1)N2CCC=C(F)C2,-28.52
NCC1CN(CC=2C=CC=CC2)CCCO1,-42.19
FC(F)CC1COCCN1,-25.7
O=C1NCCCC=2NN=CC12,-23.85
C=1N=C(C2CCNCC2)N3CCCCC13,-36.34
OCC=1C=C(F)C=C(C1)N2CCOCC2,-40.24
CN1C=CN=C1C2CCCNC2,-28.44
CC(C)C1=NN(C)C=C1C#N,-24.63
O=C(O)C=1C=NN(C1)C2CC2,-8.99
CN1C=C(C(=O)O)C=2CCCCC2C1=O,-25.23
NCC1=NOC(=N1)C=2C=CC(Cl)=CC2F,-35.36
COC=1C=CC(OC)=C2C1CNCC2O,-34.0
CNCC1=NC=2C=CC=CC2C(=O)N1,-32.88
CCNCC1COC=2C=CC=CC2O1,-39.67
CCOC=1C=CC(=CC1)C(C)N,-35.28
CN1N=CC(N)=C1C(F)F,-18.43
CC(C)C1=NC=2CC(CCC2N1)C(=O)O,-29.95
OCC1CN(CCO1)C=2C=CC=CC2,-39.36
CCC1=NC(C)=C(CO)O1,-24.35
NC=1C=CC(CCO)=NC1,-28.97
CC1=NC=2C(F)=CC=CC2N1,-24.29
CN1N=NC=2CC(N)CCC21,-26.15
C=1N=C(C2CCCNC2)N3CCCCC13,-41.13
NCC1=NOC(=N1)C(F)(F)F,-23.38
CN1N=CC=2CCC(CC21)C(=O)O,-21.69
FC=1C=CC=C2CNCCOC12,-27.84
CC=1C=CN=C2NC(=O)NC12,-22.18
O=C(O)C1CC2=CC=C(F)C=C21,-18.46
NCC=1C=CN=CC1C(F)(F)F,-19.52
O=C(O)CC=1C=CC(F)=CN1,-12.26
OC1CNC(C1)C2=CC=CC=C2C(F)(F)F,-40.45
CC1=CN=C(O1)C=2C=NN(C)C2N,-28.37
CC=1OC(C#N)=CC1C(=O)O,-8.9
O=C(O)C1(CC(F)(F)C1)C=2C=CC=CC2,-22.34
CN1C=C2C(CCCC2C(=O)O)=N1,-20.57
OCC1CCCC(F)(F)C1,-27.98
C1=CN(CC2CCCCN2)N=N1,-30.94
O=C(O)C=1C=COC1C2CC2,-10.73
N#CC=1C=CC(=CC1)NCCO,-25.65
CNC=1N=CN=C2C=CSC12,-23.59
COC=1C=CC(=CC1)S(C)(=O)=O,-29.16
N[C@@H]1C[C@H](C1)C=2C=C(F)C=C(F)C2,-12.16
CCN1N=CC(N)=C1C(F)(F)F,-17.43
OCCN1CCCCCC1,-33.18
OCCN1CCCC(O)C1,-37.3
CC1CCN(CCO)CC1,-35.49
NC(=O)N1CCN(CC=2C=CC=CC2)CC1,-42.04
CC1CCCN(C1)C(N)=O,-26.73
NC(=O)N1CCN(CC1)C=2C=CC=CC2F,-35.2
CNC(=O)C=1C=CC=2NN=NC2C1,-28.72
NCC1=NC=CN1C(F)F,-22.31
NC1CCCC21CCOCC2,-35.54
CC1=CC(=NN1C)C(O)C=2C=CC=NC2,-40.65
CC1=CC(=CS1)C(O)C=2C=C(C)N(C)N2,-38.01
CC1=CC(=NN1C)C(O)C2CC2,-33.76
NCCC1C(=O)NC=2C=CC(F)=CC21,-25.49
OC1CNC(C1)C2=CC=CC(F)=C2,-37.97
CN1N=CC=C1C2=CC3CCC(C2)N3,-42.62
CC(CN)C1=NC2=CC=CC=C2N1C(F)F,-27.26
O=C(O)C=1C=C(ON1)C2CC2,-10.32
NCC#CC=1C=CC=C(F)C1,-33.72
CC1(C)NC(=O)CCC1N,-19.71
NC(=O)N1CCOC=2C=CC=C(F)C2C1,-31.33
O=C(O)C=1OC=CC1C2CC2,-16.01
FC(F)(F)C=1C=NN(C1)C2CCNCC2,-27.07
COC=1C=C(C=CC1F)N2CCNCC2,-37.31
O[C@H]1C[C@H](C1)N2CCCC2,-33.84
O=S(=O)(C=1C=CC=CC1F)C2CNC2,-24.21
COC=1C=CC=2N=C(C#N)C=CC2C1,-31.39
NC1=CC=C(NC1=O)C(F)(F)F,-26.27
C1=CC(=NN1)C2CCCCN2,-31.93
O=C(O)C=1OC=NC1C2CC2,-12.41
CN1CCC2OCCNC2C1,-33.96
CC1(C)CNCC(COC=2C=CC=CC2)O1,-45.78
CN1C=C(N=C1C2CCCNC2)C(F)(F)F,-34.55
OCC1CNCCC1C(F)(F)F,-19.72
CC(N)C1=NC=CN1C=2C=CC=CC2,-36.69
OCCC1=NN=C(O1)C=2C=CC=CC2,-37.32
O=C1CC(C(F)(F)F)C2(CCOCC2)CN1,-33.2
CC1CNC(=O)CN(C1)C2CC2,-36.72
N[C@@H]1CC[C@H](CC1)NCC=2C=CC=NC2,-32.38
NCC=1N=CC=C(N1)C(F)F,-22.42
O=C(O)C=1C=CNC1C2CCC2,-19.88
CC(C)N1N=CC(Cl)=C1C(=O)O,-16.29
CC1=CN(CC(=O)O)N=C1C(F)(F)F,-17.38
O[C@H]1C[C@H](C1)C=2C=CC=CC2F,-29.66
CC1=NN(C)C(C)=C1C(=O)O,-27.27
COC=1C=CC(C#N)=CN1,-21.71
C1=CC=2NCCCC2N=C1,-30.64
O=C1NC(C2CCCO2)C31CCC3,-33.84
NC(C1CCCO1)C2(CO)CCC2,-29.02
NC=1C=NN(C1C(F)(F)F)C=2C=CC=CC2,-27.22
N#CC=1C=CC(CNC2CC2)=C(F)C1,-37.48
CC=1N=C(OC1CO)C(C)C,-26.02
NC(=O)NC1COC=2C=CC(F)=CC2C1,-34.11
CC(O)CN1CC2=CC=CC=C2C1=O,-36.35
N#CC=1C=CC(=NC1)N2CC(C2)C(F)(F)F,-30.61
CC1(C)CNC1C2=CC=CN=C2,-33.9
CN1C=C(CO)C(=N1)C(F)F,-21.07
NC(=O)CC=1N=CC(=CC1Cl)C(F)(F)F,-31.99
O=C(O)C1CCC(N1)C(F)(F)F,-16.39
CC1=C(C=NN1C)C(=O)O,-10.62
NC(=O)C1(CCCCC1)C=2C=CN=CC2,-38.54
NC1CC(=O)N(C1)C=2C=CC=CC2F,-31.84
NCC1OCCC=2SC(F)=CC21,-23.45
CCNC=1C=CC(C#N)=CN1,-27.77
CC1CC(O)C2=NC=CN21,-29.88
NCCC1=NN=C2CCCCCN12,-29.62
C=1C=CC=2NC(=NC2C1)C3CCCNC3,-34.03
CN1C=CC(C(=O)O)=C1C2CCC2,-32.62
CC1=CC(=O)NC(=C1)C(=O)O,-11.13
C1CNCC(C1)C2=NN=C3CCCCCN23,-39.85
C[C@H](N)C=1C=CC(=C(F)C1)N2C=CC=N2,-39.04
O=S1(=O)CC(CO)C=2C=CC=CC21,-31.2
OCC1CCCCC1(F)F,-18.41
CC(C)C1CNCCCO1,-20.02
CC1C(O)CCCN1CC=2C=CC=CC2,-45.75
NC1CCCC2=C(F)C=CC=C21,-32.24
CN1C(=O)N2CCCCC2=C1C(=O)O,-32.15
NCC1CCCCC1(F)F,-16.66
CCN1N=C(C)C(CO)=N1,-30.75
CCN1N=NC(C)=C1CO,-30.31
O=C1CC(CO)(CN1)C=2C=CC=CC2,-36.81
NCC1(CF)CCOCC1,-25.94
O=C1CC(CO)(CN1)C2=CC=CC=N2,-35.94
NC=1N=CN(N1)C=2C=CC(F)=CC2,-28.82
CC=1C=C(F)C(=CC1F)CC(=O)O,-16.4
CC1(CO)CCC(=O)NC1,-35.78
O=C1CCC(CO)(CN1)C=2C=CC=CC2,-35.09
CN(C)C=1C=CC(N)=CN1,-27.81
OCC1=NC=2C=CC=CC2N1C(F)F,-22.71
NC1CCN(CC1)C2CC2,-32.87
CC1=NC(=NN1)C(F)(F)F,-19.23
NCCC=1C=CC(F)=CN1,-20.93
CC=1C=CC=C2NC(=O)C(O)C12,-28.38
"CN1C=CC(=C1)[C@@H]2C[C@H]2C(=O)O |&1:6,8,r|",-18.39
NC1=NC=CN1CC=2C=CC=CC2F,-35.93
NCC=1C=CC(=CC1)N2C=CN=C2,-31.69
CNC(=O)C=1C=CC(=CC1)N2C=NC=N2,-37.68
CN1C=CN=C1C2CC(N)CCO2,-27.76
NC(=O)C=1C=CC=2CCCNC2N1,-27.26
CC1=NOC=C1CN2CCCC(C)(F)C2,-39.17
CN1C(=O)N(CC(=O)O)C=2C=CC=CC21,-22.27
CC1(F)CCCN(CC2=CN=NS2)C1,-35.84
FC(F)(F)C1CCNCC21CCOCC2,-22.62
CNCC1=CC=C(OC)C(F)=C1,-34.32
COC=1C=CC=CC1CN2CCNCC2,-35.17
O=C1CCC(CN1)C(F)(F)F,-18.53
O=C(CO)N1CCCCCC1,-19.57
CC1CCCN(C1)C(=O)CO,-21.43
CC=1C=CC=C(C1)C2=NN=C(CO)O2,-36.87
O=C1C=C(CO)N=C2SC=CN12,-26.77
CC(N)C=1C=CC=2OCC(=O)NC2C1,-36.13
O=C(NCC1=CC=CS1)C2CCNCC2,-30.45
O=C(C=1C=CC(F)=CC1)N2CCNCC2,-32.79
COC=1C=CC=CC1C(=O)N2CCNCC2,-30.21
O=C(CCC=1C=CC=CC1)N2CCNCC2,-40.25
O=C(CC=1C=CC(F)=CC1)N2CCNCC2,-29.58
O=C(CC=1C=CC=CC1F)N2CCNCC2,-38.56
O=C(C=1C=CC(F)=CC1Cl)N2CCNCC2,-33.39
O=C(C=1C=CN=CC1)N2CCCNCC2,-33.14
O=C(C=1C=CC=CC1F)N2CCCNCC2,-35.48
O=C(C1CCCC1)N2CCCNCC2,-32.28
O=C(C=1C=CC=C(F)C1)N2CCCNCC2,-35.24
C1=CSC(=N1)N2CCCNCC2,-31.26
NCCN1CCC2=CC=CC=C2C1,-39.82
CC=1C=CC=CC1C=2C=C(N)N(CCO)N2,-36.41
CN1N=CC=2C(=O)NCCCC21,-19.3
"CN1CC[C@H](CN)[C@H]1C2=CC=CN=C2 |&1:4,7,r|",-27.42
O=C(O)CC=1C=CC=C(C1)C2CC2,-25.87
CC(N)C1=NOC(=N1)C(F)(F)F,-25.62
"CCN1C=C(C=N1)[C@@H]2OCC[C@H]2CN |&1:7,11,r|",-34.87
"CC1=NN(C)C(C)=C1[C@@H]2OCC[C@H]2CN |&1:8,12,r|",-14.25
"N[C@@H]1CCC(=O)N[C@H]1C=2C=CC=CC2 |&1:1,7,r|",-31.28
"O[C@@]12CCCC[C@H]2CNCC1 |&1:1,6,r|",-27.05
"O[C@@H]1CCC[C@H]1N2CCNCC2 |&1:1,5,r|",-34.81
CN1CCN(C(N)=O)C(C1)C=2C=CC=CC2,-36.34
"C=1C=CC(=CC1)CN2CCO[C@H]3CNC[C@H]32 |&1:11,15,r|",-37.12
"CN1CCO[C@H]2CNC[C@H]21 |&1:5,9,r|",-23.5
"CN1C(=O)C[C@H](CN)[C@H]1C=2C=CC=CC2 |&1:5,8,r|",-26.29
"OC[C@H]1CNCC[C@H]1C=2C=CC=CC2 |&1:2,7,r|",-35.28
"C[C@@H]1NC(=O)CO[C@H]1C=2C=CC=CC2 |&1:1,7,r|",-29.79
CN1C=CN=C1C2CCNC2,-27.35
C1=NC(=CS1)C2CCNCC2,-29.56
CC(N)C1=NC(=NO1)C(F)(F)F,-24.05
NCC=1N=CC=C(N1)C(F)(F)F,-24.69
"O=C(O)[C@H]1COCC[C@H]1C=2C=CC=CC2 |&1:3,8,r|",-11.82
C1=NC=2CCNC3(CCC3)C2N1,-24.42
O=C1CNCCN1C2CC2,-26.17
O=C1NN=C2CCCC2=C1C(F)(F)F,-27.12
CC=1C=C(C(=O)NN1)C(F)(F)F,-20.18
O=C(CC1CCNCC1)NC2CCCC2,-28.81
COC=1C=CC(F)=CC1C(=O)O,-23.51
CC=1C=C(C=CC1F)C2=NN=NN2,-12.5
NCC(O)C1CCCCC1,-31.61
O=C(NCC1CCCCN1)C=2C=CC=CC2,-43.6
CNC1CCCCNC1=O,-24.26
N#CC1=CC=2COCCC2NC1=O,-25.17
CN1CCC(O)(CC=2C=CC=CC2Cl)CC1,-41.35
O=C1NCCCN2CCCC12,-26.64
O=C1NCCOC2=CC=CC=C12,-24.08
O=C(O)CC1CCC(=O)N1,-16.17
CNCC1=NN=C2C=CC=CN12,-23.55
OC(C=1C=CC=CC1)C2CCNCC2,-36.01
N#CC=1C=NN2C(=CC=NC12)C(F)(F)F,-25.31
O=C(O)CC=1C=NN(C1)C=2C=CC=CC2,-25.65
OCC=1C=NN2CCCC12,-27.67
NCC1=NC(=NO1)C(F)F,-22.72
NCC=1C=CC(=CC1)C(=O)N2CCOCC2,-32.54
CNC1=NC=2C=CC=CC2O1,-21.06
N#CCC1=NC=2C=CC=CC2N1C(F)F,-26.78
O=C(O)C=1C=CC(=CN1)C(F)(F)F,-9.32
CC=1C=C2NCCC(N2N1)C(F)(F)F,-26.7
OC=1N=CC=CC1C(F)(F)F,-16.58
O=C(O)C1=CC2=CC(F)=CC=C2N1,-18.32
CC=1C=CC=2NC(=CC2C1)C(=O)O,-17.09
O=C(NC=1C=CC(F)=CC1)N2CCNCC2,-39.64
N#CC=1C=CC(=CC1)CN2C=NC=N2,-35.63
CC=1OC=CC1C2=NN=C(N)O2,-27.4
CNCC1=NC=CN1C(F)F,-23.31
CN1CCN(CC1)C2CCCC2O,-38.69
NC1=NCC=2C=CC=CC12,-27.34
CC(C)(O)C1=NC2=CC=CC=C2N1,-30.31
O=C(C1CC1)N2CCCNCC2,-30.07
CC(NC1CC1)C2=CC=CN=C2,-35.14
C(NC1CC1)C2CCOC2,-32.2
CNC(C)C=1C=CC(=CC1)OC,-36.6
NCC=1C=CC=C(C1)CN2C=CN=C2,-35.7
NCC=1C=CC(=CC1)CN2CCC(O)CC2,-41.53
NCC=1C=CC=CC1CN2CCC(O)CC2,-40.3
CC(C)C1=CC(=NN1)C(=O)O,-13.1
NC1=CC=NN1CC=2C=CC(F)=CC2,-30.99
NC1=CC=NN1CC2CCOC2,-26.23
CC=1C=CC=C(C1)C(CN)N2CCOCC2,-32.69
O=C1NC=2C=CC=CC2CCC1O,-38.74
N#CC=1C=CC(F)=C(C1)CN2C=CN=C2,-37.43
CC1=NC=2C=CC=CC2C31CCNCC3,-34.01
COCCN1CCNC[C@H]1C,-28.25
CC1(C)OCC2CC21C(=O)O,-13.8
"CC[C@@H]1CC[C@H](C)NC1=O |&1:2,5,r|",-21.56
"CC(C)C1=NOC(=N1)[C@@]23CCC[C@H]3CNC2 |&1:8,12,r|",-29.81
CN1N=CC=C1C2COCCN2,-28.49
"CC[C@H]1CC[C@H](C)NC1=O |&1:2,5,r|",-29.0
COC=1C=CC(N)=C(N1)C(F)(F)F,-25.16
C1=CNC(=N1)C2CCOC2,-30.22
O=C(O)C12OCCCC1C2(F)F,-14.48
NC1=NN=C(CC=2C=CC=CC2)S1,-36.58
OC1CCNC21CCCCC2,-35.35
O=C(O)C1(CCNC1=O)C2CCCC2,-21.75
O=C(NCC=1C=CC=NC1)C2CCCN2,-39.46
O=C(C1CCC1)N2CCCC=3N=CC=CC32,-40.68
O=C1NN=C(C=C1C(F)(F)F)C2CC2,-27.97
CC=1N=CC=2CC(N)CCC2N1,-30.31
O=C(O)C=1C=CC=NC1C(F)(F)F,-14.46
NCCC=1C=C(C=CN1)C(F)(F)F,-22.63
O=C1NC=CC=2CCCNC12,-28.86
CC=1C=C(OC1C(=O)O)C(F)F,-4.54
CCOC=1C=CC(N)=NC1C,-27.57
OC[C@@H]1CC=2C=CC=CC2CO1,-32.59
CC1(C)CC(=O)NCCN1,-19.68
"CC1=C(C=NN1C)[C@@H]2OCC[C@H]2N |&1:7,11,r|",-28.98
CCC1(CCNCC1)N2CCOCC2,-16.28
O=C(O)C=1C=C(NC1C2CC2)C3CC3,-26.02
"C[C@@H]1C[C@H](C)N2N=CN=C2N1 |&1:1,3,r|",-28.24
CN1C=CC(=N1)C2=NC(C#N)=CS2,-30.44
CNCC=1C=NN(C1)C=2C=CC=CC2,-35.16
CC1=NC(CN)=C2C=CC=CN12,-24.8
CN(C)C=1C=C(C=CN1)CN,-28.48
CC(CN)N1CCOCC1,-27.01
CC1CCCCN1CCN,-35.79
NCCOC=1C=CC=2NC(=O)CCC2C1,-36.55
CC(N)CN1CCOCC1,-22.24
CC(N)CN1CCCCC1,-35.77
NC(CN1CCCC1=O)C=2C=CC=CC2,-34.41
NC(CN1C=CC=N1)C=2C=CC=CC2,-31.94
NC(CN1C=NC=N1)C=2C=CC=CC2,-36.73
CC=1C=CC(=C(C)C1)C(N)CN2C=CN=C2,-40.8
CC1=CSC(=N1)N2CCCNCC2,-33.77
O=C(O)CN1C(=O)CCC=2C=CC=CC21,-22.55
"NC[C@@H]1CCO[C@H]1C=2C=CC(F)=CC2 |&1:2,6,r|",-26.76
NCCC1=NC=CN1C(F)F,-22.49
NS(=O)(=O)C=1C=CC=2NC(=O)CCCC2C1,-35.66
CC1=NNC(N)=C1C=2C=CC(F)=CC2,-32.51
CCN1N=C(C)C(N)=C1C,-23.93
CC1CC=2C=C(C=CC2O1)CO,-35.88
O=C(O)C1=CC=C(CN2C=C(Cl)C=N2)O1,-25.24
CCN1C=CC(=N1)C(=O)O,-0.87
CC1=C(Cl)C(=NN1C)C(=O)O,-6.33
CCN1C=C(C(=O)O)C(C)=N1,-5.35
CN1C=C(Cl)C(=N1)C(=O)O,-13.11
CCN1N=CC(Cl)=C1C(=O)O,-17.77
CC1=NN(C)C=C1C(=O)O,-8.4
CCN1N=C(C)C(CN)=C1C,-25.16
CCN1N=CC=C1C(=O)O,-5.9
CC1=NN(C)C(C)=C1CN,-23.69
CC1=NC=C(CC(=O)O)S1,-15.85
OC=1N=CC=C(N1)C(F)(F)F,-16.89
CNCC=1C=CC(=CC1)OC,-32.35
NCC=1C=CC(=CC1)N2CCNC2=O,-32.67
CC=1C=CC=C(C1)NC(=O)CN2C=NC=N2,-31.54
CC(N)C=1C=CC(=CC1)NC(=O)C2CC2,-37.35
O=C(NC1CCNCC1)C2CCC2,-32.17
CC=1C=CC=CC1C(=O)NC2CCNCC2,-45.51
CC=1OC=CC1C(=O)NC2CCNCC2,-36.24
O=C(NC1CCNCC1)C=2C=CC(F)=CC2,-37.08
OCCC1=CNN=C1C(F)(F)F,-28.11
COC=1C=CC=CC1C2CCCN2,-39.01
C1=COC(=C1)C2CCCN2,-31.51
CN(C)C=1C=CC(C#N)=CN1,-29.45
CNC(C)C=1C=CC=CC1OC,-29.71
C=1C=CC(=CC1)C2=NCCN2,-32.8
NCC(C=1C=CC=CC1F)N2CCOCC2,-31.45
O=C(NC1CCCNC1)C=2C=CC=CC2,-41.02
O=S(=O)(NC1CCCNC1)C=2C=CC=CC2,-33.96
NCC(C=1C=CC=CC1)N2CCOCC2,-33.51
NC1CCN(CC2=CC=CC=C2F)CC1,-37.02
O=C(C=1C(F)=CC=CC1Cl)N2CCNCC2,-30.88
O=C1CCC=2C=CC(F)=CC2N1,-28.25
O=C(CC=1C=CC=CC1)N2CCNCC2,-37.79
O=C(CC=1C=CC=CC1)NC2CCNCC2,-37.27
NC1=NN=C(O1)C=2C(F)=CC=CC2Cl,-31.47
CC(C)CC1=NN=C(N)O1,-15.96
NC1=NN=C(CC2CCCC2)O1,-21.21
NC1=NN=C(CC=2C=CC(F)=CC2)O1,-29.78
NC1=NN=C(CC2=CC=CC=C2F)O1,-32.24
NC1=NN=C(CC2=CC=CC(F)=C2)O1,-30.62
O=C(NC1=NC=CS1)C2CCCNC2,-29.83
CNC=1C=CC=CC1S(C)(=O)=O,-28.05
CC1=NN(C)C(C)=C1CC(N)=O,-31.58
NC(=O)CC1=CSC(=N1)C2=CC=CO2,-32.35
CC(=O)N1C=2C=CC=CC2CCC1C,-33.12
FC(F)(F)C1=CN=C(N1)C2CCNCC2,-30.86
NCC=1C=C(F)C=C(F)C1,-23.43
O=C1NCCCC1C(F)(F)F,-17.73
O=C(O)C=1C=CC=2NC(=O)CCCC2C1,-32.0
"CN1C=C(C=N1)[C@H]2[C@H](CN)CCCN2C |&1:6,7,r|",-28.49
CN(C)C=1C=C(C#N)C=CN1,-25.35
N#CC=1C=CC(F)=C(C1)CN2CCCC2=O,-34.48
N#CC=1C=CC=C(C1)CN2CCCC2=O,-30.01
N#CC=1C=CC(CN2C=NC=N2)=C(F)C1,-27.6
CC1=NC=CN1CC=2C=CC=C(C#N)C2,-31.32
COCC=1C=CC=CC1C#N,-31.96
COCC=1C=CC=C(C#N)C1,-31.47
NCC(O)C=1C=CC(Cl)=CC1,-33.74
NC1CCN(CC1)C2CCCCC2,-38.19
CN1CCC(CC1=O)C(=O)O,-28.18
CN1C=CC(=CC1=O)C(=O)O,-16.74
FC=1C=CC(=CC1)C2CNCCO2,-28.73
NC(=O)C1CCC2=CC=CC=C2N1,-33.4
O=S(=O)(NC=1C=CC=CC1)C2CCCNC2,-32.91
CC1=CC(=NO1)C2CCCN2,-30.49
O=S(=O)(NC1CC1)C=2C=CC(F)=CC2Cl,-26.73
NCC1CC(=O)NC=2C=CC=CC21,-30.34
CC(C)NC1CCOCC1,-28.99
CC(N)C=1C=CC=C(C1)N2CCNC2=O,-40.19
C=1C=C(CC2CCNCC2)NN1,-34.12
OCCNC=1C=CC=2C=CC=CC2N1,-32.52
CN1CCN(CC1)C(=O)C2CCCO2,-37.68
CC=1C=C2N=CC=C(N2N1)C(F)(F)F,-23.61
O=C(O)C1CCC(CC1)C(F)(F)F,-8.92
NC(=O)C=1C=CC=C2NCCCC12,-31.86
CC=1C=C2NCC(CN2N1)C(F)(F)F,-27.71
C(C1CCCCN1)N2CCOCC2,-36.88
NCC=1C=NN(C1)CC=2C=CC=CC2,-32.58
CC1NCCN2C(=CC=C12)C(=O)NC3CC3,-40.52
O=C(O)C1CCC(=O)NC1,-9.66
CN(C)C1=NC=C(CN)N1C,-25.91
C(OC1CCNCC1)C2CCCCO2,-34.25
C(OC1CCNCC1)C2CCCO2,-37.35
COCCN1C=C(N)C=N1,-25.84
CC=1C=CC=C(N1)NC(=O)C2CCNCC2,-24.47
CNC(=O)C=1C=CC=CC1,-27.76
CN1C=C(C=N1)C2=CC=CC(=C2)CN,-36.88
N#CC=1C=CC(=CC1)C(=O)NC2CC2,-30.08
NS(=O)(=O)C=1C=CC=C(C1)C(=O)NC2CC2,-32.57
NCC=1C=CC=C(C1)N2C=CN=C2,-26.65
CC1=CN2CCNCC2=N1,-26.43
CC(N)C=1C=CC(=CC1)N2C=CN=C2,-37.38
CC(N)C=1C=CC=2NC(=O)NC2C1,-29.66
CCN1CCCCC1CN,-27.44
NCC1CCCN(CC2=CC=CN=C2)C1,-34.62
O=C1CCC=2C=C(F)C=CC2N1,-30.92
NCC(O)C=1C=CC=CC1F,-30.51
NC1=NC(=CS1)C(F)(F)F,-18.9
NC=1C=CC(=CN1)N2CCCCC2,-37.56
COCCN1N=C(C)C(N)=C1C,-34.31
OCCOC1CCNCC1,-9.22
CC(N)C=1C=C(F)C=CC1N2CCOCC2,-33.94
CC(N)C=1C=CC(=CC1)N2CCOCC2,-38.63
CC(N)C=1C=CC=CC1N2CCOCC2,-33.16
COC=1C=CC(F)=CC1C(C)N,-32.46
COC=1C=CC=C(F)C1C(C)N,-33.36
NC1=NN=C(S1)C=2C(F)=CC=CC2Cl,-36.37
O=S(=O)(NC1CC1)C2=CC=CN=C2,-29.36
CC(C)NC=1C=CC=NC1,-30.5
COC=1C=CC=CC1NC2CCN(C)CC2,-38.25
CCC(N)C=1C=CC(F)=CC1F,-29.11
CC(C)C1=NC=CN1CC(=O)O,-15.48
O=C1NC=2C=CC(F)=CC2C1O,-28.9
CC(C)OC=1C=CC=C(C1)CO,-33.74
CNC=1C=CC(=CC1)S(C)(=O)=O,-28.27
OCCNC1=CC=C(F)C(F)=C1,-28.12
NCC=1C=CC=CC1N2C=CN=C2,-30.17
COC=1C=CC=CC1C=2C=C(N)ON2,-34.95
NC1=CC(=NO1)C2=CC=CC(F)=C2,-33.3
NC1=CC(=NO1)C2=CC=CC=C2F,-33.92
CCC=1NN=CC1C(=O)O,-14.21
CC(C)C=1NN=CC1C(=O)O,-8.79
CS(=O)(=O)C=1C=CC(=CC1)C(N)=O,-25.73
CS(=O)(=O)C=1C=CC=C(C1)C(N)=O,-25.88
NC(=O)C1COC2=CC=CC=C2O1,-29.71
NC(=O)CC=1C=CC(Cl)=CC1,-28.75
NC(=O)C1CC(=O)N(CC=2C=CC=CC2)C1,-36.95
NC(=O)CC=1C=CC=C(C1)C(F)(F)F,-28.4
NC(=O)C=1C=CC(=CC1)OC(F)F,-27.86
NC(=O)CC1CCCCC1,-11.79
CCNC=1C=CC=2NC(=O)NC2C1,-29.95
CC1=NN(C(C)=C1N)C2CCCCC2,-31.51
O=C1C=2SC=CC2N=CN1CCO,-31.91
CN1N=CC2=C1CCCC2N,-27.74
CN1C=C(C=N1)C(=O)NCC2CCNCC2,-37.98
CN1N=C(C=C1N)C2CC2,-22.5
FC=1C=CC(=CC1)C=2C=CNN2,-34.18
CN(C)CC=1C=CC=C(C1)CO,-39.22
OCC1=CN=C(S1)C=2C=CC=CC2,-40.52
CC1=C(C=NN1C)C(C)N,-28.16
NCC(O)C=1C=CC(Cl)=CC1Cl,-33.56
CC1CCC=2ON=C(C(=O)O)C2C1,-26.61
NCC1(CCOCC1)C2=CC=CC(F)=C2,-32.18
CP(C)(=O)C=1C=CC=2CCCNC2C1,-37.08
O=C(O)C(C=1C=CC=CC1)N2CCCC2,-34.6
C1=NC(=CS1)CN2CCNCC2,-29.2
CN1C=C(C=N1)CN2CCNCC2,-35.44
O=C(O)CC1CCOC2=CC=CC=C21,-29.84
COC=1C=CC(=CC1F)CN,-27.75
CN1C=C(C=CC1=O)C(=O)O,-9.55
CNC=1N=CC=CC1C(N)=O,-25.15
FC=1C=CC=CC1CNC=2C=CN=CC2,-34.85
C1=CC(=CC=N1)NCC2CCCO2,-34.11
CN(C)C=1C=CN=CC1N,-22.76
CC1=NC=CN1C2=CC=NC=C2N,-27.01
NC(=O)N1CCC[C@H]1C(=O)O,-10.34
CCOC=1C=CC(=CC1)[C@@H](C)O,-35.64
CC(C)CC=1C=C(N)NN1,-25.39
CC(C)CC=1C=C(N)ON1,-25.37
NC1=CC(CC2CCCC2)=NO1,-32.78
NC1=CC(=NO1)C2CCCC2,-29.19
NC1=CC(CCC2=CC=CO2)=NO1,-35.74
O=C1N(CCO)N=C2C=CC=CN12,-37.56
CC1=NC(=CS1)C=2C=CC(=CC2)CC(=O)O,-26.81
CC=1C=C(N)N(N1)C=2C=CC=CC2F,-34.02
O=C(O)CC=1C=CC=CC1C(F)(F)F,-17.49
O=C(O)CC1=CC=C(F)C(Cl)=C1,-21.8
O=C1NCC=2C=CC=CC12,-28.03
NCC=1C=CC(=C(F)C1)N2C=CN=C2,-29.14
NC1=NN=C(S1)C(F)F,-21.41
CN(C)CC1=NC(=CS1)CO,-34.45
NC1CCN(CC2=CC=CS2)CC1,-36.74
NC(=O)C1=CC=C2N=CC=CC2=C1,-31.1
COC=1C=C(F)C(=CC1OC)C(C)N,-36.35
CC1=CC=C(O1)C(O)CN,-30.81
O=C(O)C1=CC(Cl)=CC2=CC=CN=C12,-23.6
"OC[C@H]1CC[C@H](N1)C(F)(F)F |&1:2,5,r|",-22.67
CC=1C=NN(CC2=CC=CC=C2F)C1N,-37.46
CC=1C=CC(=CC1)C=2C=C(ON2)C(=O)O,-24.87
CC(C)N1C(N)=NC=2C=CC=CC21,-26.47
O=C(O)C=1C=C(NN1)C=2C=CC(F)=CC2,-19.24
NC(=O)CC1CCCCN1,-25.97
"NC[C@H]1CCC2(CCOCC2)[C@H]1O |&1:2,11,r|",-24.61
"C[C@H]1C[C@H](CC(=O)N1)C(=O)O |&1:1,3,r|",-27.71
O=C(O)C1CCN(CC1)C(=O)NC2CC2,-18.73
COCCC=1C=C(N)ON1,-25.89
NC1=CC(=NO1)C(F)(F)F,-14.41
CN1C=CN=C1C(N)C2CC2,-26.73
CCC(N)C=1C(C)=NN(C)C1C,-29.24
CN1C=C(C=N1)C2=CSC(N)=N2,-29.83
CC1=CC=C(O1)C2=NN(C)C=C2C(=O)O,-28.8
CN1C=C(C(=O)O)C(=N1)C2=CC=CO2,-22.95
COC1=CC=2CCNC(=O)CC2C=C1OC,-34.66
CC(C)C=1N=CC(N)=CN1,-27.38
CC(C)CC=1N=CC(N)=CN1,-23.8
NC=1C=NC(=NC1)C2CC2,-24.25
CC(C)CC1=NC(=CS1)C(=O)O,-26.52
CCC1=NC(=CS1)CC(=O)O,-21.52
C1CC2=NN=C(C3CCCNC3)N2C1,-33.2
CC1=NNC(=C1C(=O)O)C(C)C,-18.34
CC=1N=CC=CC1OC2CCNC2,-27.22
O=C(O)C1=CC(=CNC1=O)C(F)(F)F,-19.55
OC(C=1C=CC(F)=CC1)C2CCNCC2,-35.85
OC(C=1C=CC(Cl)=CC1)C2CCNCC2,-39.54
NC(CO)C=1C=CC=CC1,-31.07
CC1=CC=C(S1)C(CN)N2CCOCC2,-29.61
NCCOC=1C=CC=C(F)C1,-27.31
"CC[C@H]1C[C@H](CC(=O)N1)C(=O)O |&1:2,4,r|",-29.31
NC=1C=NC(CC=2C=CC(F)=CC2)=NC1,-34.42
CC=1N=C(SC1C(=O)O)C(C)C,-21.59
CN1C=C(C=N1)CC(=O)O,-8.76
NC1CCCS(=O)(=O)C2=CC=CC=C21,-28.95
CCC1=NC(C)=C(S1)C(=O)O,-15.4
CC1(CC(=O)NC1=O)C=2C=CC(F)=CC2,-37.43
CC1CCC2(CC(=O)NC2=O)CC1,-26.7
OCC=1C=CC=2CCCC2C1,-28.5
CCC1=NC=C(S1)C(=O)O,-2.67
CC1=C(N)N(C)N=C1C(F)(F)F,-23.13
CN1N=C(C=C1N)C=2C=CC(F)=CC2F,-32.11
CC=1C=CC=CC1C=2C=C(N)N(C)N2,-34.75
CN1N=C(C=C1N)C=2C=C(F)C=C(F)C2,-38.76
CC=1C=CC=2C(=CNC2C1)C(=O)O,-15.88
O=C(O)C1=CNC=2C=C(Cl)C=CC12,-15.69
CS(=O)(=O)C=1C=CC=CN1,-22.73
CNCC=1SC=NC1C,-23.62
CC=1C=CC(=C(F)C1)S(N)(=O)=O,-26.32
NS(=O)(=O)C=1C=CC=CC1OC(F)F,-25.39
O=C(O)CN1C(=O)CCCC=2C=CC=CC21,-19.56
CC1=NNC(=N1)C2CCCCC2,-35.66
O=C(O)C1=CC=C2C=CNC2=C1,-11.08
NC(=O)C1=CNN=C1C=2C=CC=CC2,-32.94
FC=1C=CC(=CC1Cl)C2CNCCO2,-37.77
FC(F)(F)C=1C=CC=C(C1)C2CNCCO2,-37.05
FC=1C=CC=C(C1)C2CNCCO2,-33.11
FC(F)(F)C=1C=CC=CC1C2CNCCO2,-33.21
FC(F)OC=1C=CC=C(C1)C2CNCCO2,-33.99
FC(F)OC=1C=CC(=CC1)C2CNCCO2,-38.75
FC(F)(F)C=1C=CC(=CC1)C2CNCCO2,-32.19
CC=1C=C(CO)C2=CC=CC=C2N1,-35.58
NS(=O)(=O)C1=CC=CC2=NC=CC=C12,-29.17
CC1(C)COC(CN1)C2=CC=CC(F)=C2,-35.46
CN1C(=O)CC(C)(C(=O)O)C=2C=CC=CC21,-26.78
NC1CCC2=NC=CN2C1,-27.36
CC1=CN2CC(N)CCC2=N1,-25.09
O=C(O)C=1C=NOC1C2CC2,-13.31
CCC=1ON=CC1C(=O)O,-11.96
CNC1CCCC2=C1C=NN2C,-32.67
C1=CC(=CC=N1)C2CCCCCN2,-39.43
C1=NN(C=2C=CC=CC2)C=3CCNCC13,-39.71
CC(N)C1CCN(C)CC1,-20.99
OCC=1C=C(F)C=CC1N2C=NC=N2,-32.84
CC1=NC=CN1C=2C=CC(F)=CC2CN,-35.81
COCCN1CCC(N)C1,-30.26
NC(=O)C=1C=CC=C2NC=CC12,-21.39
COC1CCN(CCN)CC1,-32.77
COC1CCN(CC1)C2CCCCC2N,-39.36
NC1CCCC2=C1C=NN2CCO,-28.97
CC=1C=C(ON1)C2CCCN2,-26.47
C1CC2(CCN1)CCOCC2,-25.89
COCC1=NNC(N)=C1C=2C=CC=CC2,-36.33
NCC1(O)CCCCCC1,-34.69
CC=1N=CSC1C(=O)NC=2C=CC=CN2,-36.52
O=C1NC=2C=CC=CC2C(=O)N1CCO,-31.36
CCC1CCNC(=O)CC1,-22.2
O=C1CCC(CCN1)C=2C=CC=CC2,-30.14
O=C(O)C=1C=C2CC(=O)NC2=CC1Cl,-19.85
O=C(C=1C=C(Cl)C=CC1F)N2CCNCC2,-36.7
CCC(N)C1=NN=C2CCCCCN12,-37.64
CC1C(=O)NC=2C=CC=CC21,-29.17
CNC(C=1C=CC(F)=CC1)C=2C=CC=NC2,-31.03
CNC(C)C=1C=NN(C)C1,-26.57
CNC(C=1C=NN(C)C1)C=2C=CC=C(F)C2,-42.16
CCN1CCC(CC1)C(C)O,-35.02
CC(O)C=1C(F)=CC=CC1N2C=CC=N2,-31.27
CC1CN(CCO)CCO1,-32.62
OCCN1CCC2=CC=CC=C2C1,-39.46
O=C1CCCCCN1CCO,-27.41
O=C1CCCCN1CCO,-22.59
O=C1CCC=2C=C(C=CC2N1)OCCO,-33.69
CS(=O)(=O)C=1C=CC=NC1,-22.75
NC1=NC=2C=NC=CC2S1,-24.45
O=C(O)C=1C=CC(F)=CN1,-9.62
CC=1N=NC(N)=C2C=CC=CC12,-29.11
C1=CC=2C(=NC=CC2S1)N3CCNCC3,-35.51
NC1CS(=O)(=O)C2=CC=CC=C21,-24.43
NCC1CS(=O)(=O)C=2C=CC=CC21,-27.36
NS(=O)(=O)C=1C=CC=C2CNCCC12,-32.68
O=C(O)C1CC=CCC1C(=O)NC2CC2,-36.28
CC1=NN(C(C)=C1N)C2=CC=CC=C2F,-31.04
FC=1C=CC=CC1CNC=2C=NNC2,-36.1
O=S(=O)(NC=1C=NNC1)C=2C=CC=CC2F,-32.56
O=S(=O)(CC=1C=CC=CC1)NC=2C=NNC2,-34.94
CC1COCCN1CCN,-17.04
CC1COCCN1C2CCNCC2,-28.14
O=C1CC(NCCN1)C=2C=CC=CC2,-34.36
COC1=C(N)C(C)=NN1C,-23.71
CC(C)CC1=NSC(N)=N1,-30.33
NC(=O)C=1C=CC=C(C1)CO,-22.37
OCC1=CC=C2N=CC=CC2=C1,-30.01
OCC1=NOC(=N1)C=2C=CC(F)=CC2,-32.1
OCC1=NC(=NO1)C=2C=CC(F)=CC2,-33.4
NC(=O)C=1C=CC=CC1CO,-27.21
CC(C)N1C=NC2=CC(=CC=C21)C(=O)O,-31.36
O=C(O)CN1C(=O)NC=2C=CC=CC21,-20.85
COC=1C=CC=2CCNC(=O)CC2C1,-30.9
O=C(O)CC1CCCCO1,-8.52
CNCC1=NC=C(O1)C2CC2,-19.75
O=C(NC=1C=CC(F)=CC1)NC2CCNC2,-36.22
FC=1C=CC=C(C1)NC2CCOCC2,-37.15
OCCNC1CCOCC1,-33.44
NCC1(CCOCC1)N2CCCC2,-33.68
CN(C)C1(CN)CCOCC1,-28.48
O=C(O)CC1CCOCC1,-12.36
NCCCN1N=C2CCCCN2C1=O,-30.8
C1=CC=2OCCOC2C(=C1)C3CCCN3,-39.65
CC=1C=C(CO)OC1C(=O)O,-16.75
CC1CCN(CCN)CC1,-36.51
NC1=NN=C(CC=2C=CC(F)=CC2)S1,-34.99
NC1=NN=C(CC2=CC=CC(F)=C2)S1,-33.21
NC1=NN=C(CC2=CC=CC=C2F)S1,-38.73
FC(F)(F)C1=CN=C(N1)C2CCCNC2,-32.39
NC1=CC=NN1CC2CC2,-19.3
N#CC=1C=CC(=C(F)C1)N2CCNCC2,-31.31
CCOC=1C=CC(C#N)=CC1F,-31.09
CN1C(N)=NC2=CC(F)=CC=C21,-25.3
C1=CNC(=N1)C2CC=3C=CC=CC3CN2,-42.12
O=C(O)CC1CCCOC1,-18.28
CCC1=C(N)NN=C1C(F)(F)F,-23.54
CN1N=CC=C1[C@H]2C[C@H]3CC[C@@H](C2)N3,-33.62
CC(O)C1=CC=C2OCCC2=C1,-33.98
O=C1CC2(CC=3C=CC=CC3C2)C(=O)N1,-32.39
OC1(CCCC1)C=2C=CC=CC2,-40.06
CC1(O)CCC=2C=CC=CC21,-33.72
COC=1C=CC=CC1C(C)(C)O,-35.45
CCOC=1C=CC(=CN1)C(N)=O,-9.3
NCC=1C=CC(=CN1)N2C=CN=C2,-28.59
NS(=O)(=O)C=1C=CC=C(F)C1,-24.96
NS(=O)(=O)C=1C=CC=C(C1)C(F)(F)F,-28.45
NS(=O)(=O)C=1C=CC=CC1C(F)(F)F,-24.28
NS(=O)(=O)C=1C=CC=CC1F,-22.54
NS(=O)(=O)C=1C=CC(=CC1)C(F)(F)F,-27.22
O=S(=O)(NC1CC1)C=2C=CC(F)=CC2,-28.69
COC1CNC=2C=CC=CC2C1,-33.26
NC(=O)C=1C=CC=CC1N2CCC(N)CC2,-36.23
NC1CCCN(C2=CC=CN=C2)C1=O,-37.67
CC1=CC(C)=NN1C2CCS(=O)(=O)C2,-32.46
NCC1CCOC2(CCOC2)C1,-26.02
CC(O)CC=1C=CC=C(F)C1,-30.24
COC=1C=CC=C(C1)C(O)C2CC2,-37.89
CNC(C=1C=CC=C(F)C1)C=2C=CC=CN2,-36.37
CNC1CCN(CC=2C=CN=CC2)CC1,-33.54
NC(=O)C1CC(=O)N(C1)C=2C=CC=CC2F,-37.0
CC=1C=CC=CC1CC(N)=O,-24.25
CNC=1N=CC(=CC1Cl)C(F)(F)F,-25.33
COC=1C=CC=C2C=CC=NC12,-29.55
N#CC=1C=CC=CC1CN2CCCC2,-35.44
CC=1C=C(N)N(N1)C=2C=CC(F)=CC2,-35.28
CC1=NC=2C=CC=CC2N1,-21.54
C=1C=CC=2NC(=NC2C1)C3CC3,-23.86
O=C1CNC=2C=CC=C(F)C2N1,-29.64
CC=1C=C2N=CNC2=CC1C,-25.41
NC1=CC=NN1C2CCCCC2,-27.58
NCC1CN(CC=2C=CC=CC2)CCO1,-36.95
NCC(C=1C=CC(F)=CC1)N2CCOCC2,-33.21
NC1=CC=NN1C2CCCC2,-23.68
CN(C)CC1CCCCC1O,-36.76
CNC1=NC=2C=CC=CC2N1,-21.93
NC1=NN=C(S1)C(F)(F)F,-20.66
CC1=NC=2C=CC(=CC2S1)CO,-34.44
O=C1NC=2C=CC(F)=CC2C1=O,-24.65
O=C(O)C1=CC=2C=CC=CC2O1,-13.51
CC=1C=C(N)C=2C=CC=CC2N1,-24.69
NC1=NN=C(N1)C(F)(F)F,-21.93
O=C(O)C1CC(=O)N(CC=2C=CC=CC2)C1,-20.65
NC(=O)CC1=NC2=CC=CC=C2N1,-26.56
O=S(=O)(C=1C=CC=CC1)N2CCNCC2,-34.19
CC1=NNC(=O)C2=CC=CC=C12,-29.66
CN1C(=NC=2C=CC=CC21)NCCO,-34.28
COC1=CC=2N=C(C)SC2C=C1OC,-35.7
NC(=O)N1CCCC1C(=O)O,-10.74
CN1C(=O)CC=2C=CC=CC21,-27.62
O=C1C=CC(=CN1)C(F)(F)F,-20.35
O=C1CC=2C=CC(Cl)=CC2N1,-27.61
O=C(O)C1CC(=O)N(CC2=CC=CO2)C1,-22.33
COC=1C=CC(=CC1)C(=O)O,-14.86
CC1=NOC(C)=C1C(=O)O,-9.08
O=S(=O)(C=1C=CC(F)=CC1)N2CCNCC2,-31.49
O=S(=O)(C=1C=CC=C(F)C1)N2CCNCC2,-33.13
CCC=1ON=C(C)C1C(=O)O,-14.88
C=1C=C2OCCOC2=CC1C3CCCN3,-41.13
CC1=CC=C(CN2N=CC=C2N)O1,-27.34
COC=1C=CC(=CC1)C2CNC(=O)C2,-34.75
CN1C(=O)NC=2C=CC=CC21,-28.09
CC(O)C1=NC=2C=CC=CC2N1C,-32.15
COC=1C=C2CCNC(C)C2=CC1OC,-37.75
CN1N=C(N=C1N)C=2C=CC=CC2,-36.35
CN1CC(CC1=O)C(=O)O,-9.33
O=C(O)C1CC(=O)N(C1)C=2C=CC=CC2,-27.73
NC=1CCN(N1)C=2C=CC=CC2,-31.2
O=C1NC=NC2=CC(Cl)=CC=C12,-30.68
CC1=NNC(C)=C1CC(=O)O,-12.48
NS(=O)(=O)C=1C=CC=2NC(=O)CC2C1,-27.45
N#CC=1C=CC(=CC1)N2CCCC2,-29.14
O=C(CN1CCNCC1)NC=2C=CC=CC2,-36.64
CC1=CC(C)=NC=2SN=C(N)C12,-28.37
CC=1C=C2NC(=O)CCN2N1,-25.0
O=C(O)CN1CCCC1=O,-14.99
COCC=1C=CC(=CC1)C(=O)O,-16.3
CC=1C=CC(=CC1F)C(=O)N2CCNCC2,-39.8
CC(C)CN1C=CN=C1N,-24.2
C1CN(CCN1)C2CCOCC2,-34.76
NC1CCN(CCC=2C=CN=CC2)CC1,-38.78
NC=1C=CN(CCC=2C=CN=CC2)N1,-33.04
CC1=NN(C)C=C1C(C)N,-24.81
CC=1C=CC=C(N1)NC2CCNCC2,-30.01
CC=1C=NN(C1)C2=C(N)C(C)=NN2C,-31.8
CC=1C=NN(C1)CC(=O)O,-16.54
CC=1C=NN(C1)CC(C)N,-25.63
CC(O)CN1CCOC(C)C1,-38.68
CC1=NC=CN1CC(C)O,-29.75
CN1CCC(O)(CC1)C=2C=CC=CC2,-35.47
CC=1C=CC=C(F)C1CN,-22.08
NC=1N=CN(N1)C2CCCCC2,-25.17
O=S(=O)(C=1C=NNC1)N2CCCCC2,-28.5
CC1=NN=C(O1)C2CC3=CC=CC=C3CN2,-41.41
NC=1C=CN(CC(F)F)N1,-19.38
NCC1CCCN1CC(F)F,-23.54
CNC1=CC=2C=CC=CC2C(=O)N1,-29.85
CC(O)C1=CN=C2C=CC=CC2=C1,-34.4
CC1=CC(C)=NN1CCO,-28.69
CC1=CN2C=CC=NC2=N1,-21.36
CCCC1=NC2=CC=C(F)C=C2C(=O)N1,-31.45
CC1=NC(C)=C(S1)C(C)N,-29.27
CC1=CC(C)=NN1CCN2CCOCC2,-35.84
CCC1=NC=C(CNC)S1,-28.1
O=C(NC=1C=CC=CC1CO)C2CC2,-36.94
O=C(C=1C=CC=CC1)N2CCCC(O)C2,-36.26
C1=CNC(=N1)C=2C=CN=CC2,-31.77
C1CCC(C1)NC2CCNCC2,-36.99
FC=1C=CC=CC1NC2CCNCC2,-35.83
NC1=NC=C(S1)C2=CC=CN=C2,-37.93
CC(N)C=1C=CC(=CC1)C=2C=CC=NC2,-42.81
CC1=NN(C)C(C)=C1CN2CCNCC2,-38.78
COC=1C=CC=C(C1)C(C)N2CCNCC2,-40.74
CC=1C=CC=C(C1)C(CO)N2CCNCC2,-38.16
CNC1(CO)CCOCC1,-30.13
CNC(=O)C1=CC2=CC=CC=C2N1C,-29.55
CNC(C)C=1C=CC=C(C1)C=2C=CN=CC2,-44.96
COC=1C=CC(=CC1Cl)C(C)O,-36.93
CC=1SC(=CC1N)C(N)=O,-24.53
COC=1C=NC=CC1C(C)N,-28.57
CC(=O)N1CCOC=2C=CC=CC2C1,-29.75
OC1CCN(CC1)C=2C=CC(Cl)=CN2,-31.53
CC1=CNC(=O)N1C=2C=CC=CC2F,-17.44
CNC(C)C=1SC(C)=NC1C,-35.26
N[C@@H]1C=2C=CC=CC2C[C@@H]1O,-26.93
O=C(O)C1(O)CC2=CC=CC=C2C1,-9.08
O=C(O)C1(O)CCC=2C=CC=CC2C1,-27.78
O=C(O)C1CCCCCC1,-1.04
O=C(O)C(C1CC1)C2CC2,-12.57
O=C(O)C1CCC2=CC=CC=C21,-14.99
CC(C)C=1C=C(O)N=CN1,-23.37
OCC=1C=CC=NC1N2CCCC2,-36.4
OCC=1C=CC=NC1N2C=CC=N2,-29.78
COC=1N=CC=CC1CO,-23.63
COC=1N=C(C)C=C(C)C1CO,-26.94
COC=1C=CC(=CN1)CO,-27.99
CC1=NN(C=C1C(=O)O)C(C)C,-14.99
CC(C)N1N=CC=2C(=O)NC=NC21,-26.59
CCN1N=C(CC1=O)C(F)(F)F,-24.15
CCN1C=C(C(=O)O)C(=N1)C(C)C,-20.85
CC1=C(C=NN1C2CCCC2)C(=O)O,-11.12
CCC(C)N1N=CC(C(=O)O)=C1C,-18.44
CCN1C=C(C=N1)CNC,-18.42
CCC1=NC(C)=C(S1)C(C)NC,-30.86
CC1=CNC(=O)N1C=2C=CC(C)=CC2,-32.17
NC1CCC=2C(F)=CC=CC21,-24.93
CCNC=1C=CC(C)=NN1,-28.36
FC=1C=CC(=NC1)NC2CCOCC2,-33.27
NC=1C=CN(CC2CCOC2)N1,-24.45
CC=1C=CC=C(C1)C(C)CN,-30.06
CC(C)C1=NNC(=N1)C(F)F,-27.17
CC1=NOC(C)=C1CCN,-13.61
CC(N)C1=NC(=CS1)C(F)(F)F,-24.6
CC=1N=C(C)N(N1)C2CCCNC2,-33.4
C1=CN(N=C1)C2CNC3=CC=CC=C3C2,-35.96
C1=NC=2C=CC=CC2N1C3CCCNC3,-33.9
O=C1NC(=NC=2CCCC12)C3CC3,-28.58
OC1CCC=2C=CC(F)=CC21,-35.6
NS(=O)(=O)C=1C=NN(C1)CC=2C=CC=CC2,-34.13
CC1=NC=C(CN2CCNCC2)S1,-33.3
COC=1C=C(F)C=CC1N2CCNCC2,-32.53
CC(N)C=1C=NC=C(F)C1,-25.12
NC1CCN(C1=O)C=2C=CC(F)=CC2,-27.48
NC1CCN(C1=O)C=2C=CC=CC2F,-27.37
NC1CCN(CC=2C=CC(F)=CC2)C1=O,-32.25
CNC1CCN(C1=O)C2=CC=CC=C2Cl,-36.64
CC(C=1C=CC(F)=CC1)N2CCC(N)C2=O,-47.21
CC1=CC(=NN1C2=CC=CC(F)=C2)C(=O)O,-20.27
NC1=CC=NN1C2=CC=CC(F)=C2,-29.24
N#CC1(CC1)C=2C=CC=CC2F,-28.4
NC=1ON=CC1C2=CC=CC=C2F,-27.63
COCC1=NC(=CS1)CN,-31.55
C(OC1CCNCC1)C2CCOC2,-34.67
CC(=O)NC1CC1C=2C=CC=CC2,-36.22
NC1=NN=C(CC2CC2)O1,-23.37
NC1=CC(CC2CC2)=NN1,-24.9
CN1N=C(C=C1N)CC2CC2,-24.72
CCN1CCC(CCN)CC1,-27.77
CN1CCC(CCN)CC1,-19.74
FC(F)(F)C=1C=CN(N1)C2CCNCC2,-28.41
CC(C)C=1OC=NC1C(=O)O,-18.22
CCC=1OC=NC1C(=O)O,-11.17
O=C(O)C=1N=COC1C2CC2,-14.55
O=C(O)C=1C=CC=C(C1)N2CCCNC2=O,-28.0
C=1C=CC(=CC1)CNC2CCCNC2,-40.78
OC1(CCOCC1)C(F)(F)F,-26.53
NC1=CC=NN1CC=2C=CC(Cl)=C(F)C2,-36.82
CC1=CC(C)=CC(=C1)C(O)CN,-34.49
N#CC1=CC=C(NC1=O)C(F)(F)F,-10.27
FC=1C=NC=C(C1)N2CCCNCC2,-31.9
FC(F)OC=1C=CC=C(C1)N2CCNCC2,-37.22
CN1C=C(C=N1)N2CCCC(N)C2,-31.03
CNCC1=CC=C(OC)C(Cl)=C1,-36.51
CC=1N=C(C)N(CC2CCCCN2)N1,-36.36
CC1=NC=CN1CC2CCCN2,-31.27
CC=1C=NN(C1)CC2CCNCC2,-28.02
NC(=O)C1NCCC=2C=CC=CC21,-29.25
CC1=NC(C)=C(S1)C(C)O,-33.78
CNC(=O)C1=CN=C(C)S1,-28.63
CN(C)C=1C=C(N)C=CN1,-20.87
NC(=O)CN1C=CC(=O)C=2C=CC=CC21,-34.18
O=C(C=1C=CC=CC1F)N2CCC(O)CC2,-30.61
CC=1C=C(N)N(CC=2C=CC=CN2)N1,-40.96
CC=1C=C(N)N(N1)C2CCOCC2,-31.88
NS(=O)(=O)C=1C=CC(Cl)=CN1,-24.86
NS(=O)(=O)C=1C=CC(=CN1)C(F)(F)F,-27.26
CN(C)CC1CNCCO1,-31.94
OC1CCOCC1OCC=2C=CC=CC2,-44.48
OC1CCOCC1OCC2CC2,-36.9
CC1=NC=2C=CC=NC2N1,-22.06
NCC=1C=CC(=CC1)CN2CCCC2=O,-41.12
NC=1C=CC=C(N1)C(F)(F)F,-19.04
CC(N)C=1C=CC=C(C1)N2CCCC2=O,-38.78
O=C(O)C=1C=CC=CC1NC(=O)C2CC2,-28.84
O=C(O)C1CCCN1C(=O)C2=CC=CS2,-18.78
O=C1CCC=2C=CC=CC2N1,-32.38
CC1=NOC(C)=C1CC(=O)O,-16.0
CC(C=1C=CN=CC1)N2N=CC=C2N,-35.25
CC1=NN(C(C)=C1CO)C=2C=CC=CC2,-42.49
CC=1N=C(N)N=C2CCCCC12,-28.74
CCS(=O)C=1C=CC=CC1C(=O)O,-20.99
CCC1=NOC(C)=C1C(=O)O,-10.54
CC(C)CN1N=CC=C1N,-23.08
CC(O)C1=NC=2C=CC=CC2N1C(F)F,-33.66
O=C1CC(=NC=2C=CC=CC2N1)C(F)(F)F,-35.97
CC(N)C=1C=CC(=CC1)N2C=NC=N2,-38.12
CN(C)C=1N=CC=CC1C#N,-25.35
NCCOC=1C=CC(F)=CC1,-30.49
CN1C=C(C=N1)C=2C=CC(=O)NN2,-30.05
NCC1CCN(CC1)C2CCOCC2,-33.06
CC=1N=C(CN2CCC(CN)CC2)OC1C,-23.51
NCC1CCCCN1CCO,-36.34
CCC1=NC(C)=C(S1)C(C)O,-32.41
COC=1C=CC(=CC1F)C(N)=O,-31.11
CC1CCNC(C1)C2=CC=CO2,-37.56
O=S1(=O)CCC(C1)NC2CCCC2,-31.46
CC=1C=CN2C=C(N=C2C1)C(=O)O,-23.9
OCC=1C=C(Cl)C=2OCCCOC2C1,-38.87
NS(=O)(=O)C=1C=CC=2NC(=O)CCC2C1,-30.43
CC(C1CC1)N2N=CC=C2N,-16.86
NCC=1C=CC=CC1CN2CCOCC2,-32.38
NC(=O)N1CCC(CC1)C(=O)O,-14.06
CC1=NN(CCO)C(N)=C1C,-30.94
CC1CCC(CC1)NCC2CCCO2,-37.77
C(NC1CCCC1)C2CCCO2,-35.32
O=C1CC2CCC(CN1)N2,-25.09
NC[C@]12C[C@H]1CCN2CC=3C=CC=CC3,-39.27
OCC1CCN(CC(F)F)CC1,-27.61
CC(C)C=1N=CC(Cl)=C(N1)C(N)=O,-33.11
FC=1C=CC=C(C1)C=2N=NNN2,-9.09
O=C(O)[C@H]1C[C@H](C1)OC(F)F,-11.58
NC1CCN(CC(F)F)C1,-17.48
NC(=O)C=1C=CC=CC1N2CCC(N)C2,-32.9
NC(=O)C1CCC(O)CC1,-27.06
O=C1C=C2CCCC2=NN1,-24.19
NC1=NC(=CO1)C2=CC=CC=C2F,-32.57
NC1=NC(=CO1)C(F)(F)F,-18.68
C=1C=CC(=NC1)C2CCNC2,-25.99
CNC(C)C=1C=CC(=CC1)N2C=NC=N2,-39.23
COC=1C=CC(=CC1F)CC(=O)O,-21.16
CCOC=1C=CC(=CC1)C2CCCN2,-43.47
CC1=CC(C)=NN1C=2C=CC(=CC2)CO,-39.58
O=C(O)C1(CC1)C(=O)N2CCCC2,-10.22
O=C(O)C1(CC1)C(=O)NC=2C=CC=CC2,-19.31
O=C(O)C1(CCC1)C(=O)NC2CC2,-10.48
O=C(O)C1(CC1)C(=O)NC2CC2,-16.83
CC1=NC=2CCCC(O)C2S1,-31.99
NCC=1C=CN=C(C1)NC2CC2,-30.9
C=1C=CC=2OCCCNC2C1,-29.96
COC=1C=CC(C)=NC1N,-20.57
COC1(CN)CCC(C)CC1,-20.73
O[C@@H]1CCOC2=C(F)C=CC=C21,-35.46
O[C@H]1CCC=2C=C(Cl)C=CC21,-29.87
O[C@@H]1CCC=2C=C(F)C=CC21,-33.48
O=C(O)CN1N=CC=2C=CC=CC21,-18.21
CC=1C=C(C=CC1N2C=CC=N2)C(=O)O,-23.15
CC=1C=C(C=CC1N2CCOCC2)CO,-37.45
CC=1C=C(C=CC1C(=O)O)N2C=CN=C2,-32.71
CC=1C=C(F)C=CC1CO,-27.23
CC(C)NC1=NC=CN1C,-24.2
NC=1C=CC(=CN1)CN2C=CN=C2,-30.01
CC=1C=C(N)N=C(N1)C=2C=CC=CC2,-39.98
CCC=1C=C(N)N=C(C)N1,-25.7
NC=1N=CN=C2CCCCC12,-25.76
NC=1C=CN=C(N1)C2CCCC2,-32.55
NC=1C=CN=C(CC=2C=CC=CC2)N1,-33.01
OCC=1C=CC(=CC1)N2C=CC=N2,-36.91
NCC1COC=2C=CC=CC2C1,-22.05
NC(=O)C1CN(CC=2C=CC=CC2)CCO1,-38.07
O=C(O)C=1C=CC=CC1OC2CCC2,-17.39
NC(=O)CN1C=NC(=C1N)C=2C=CC=CC2,-39.28
COC=1C=CC=C(CO)N1,-27.42
CCC1=NC(=CO1)C(=O)O,-1.63
O=C(O)C1=COC(=N1)C2CCCCC2,-27.32
O=C(O)C1=COC(=N1)C2CCC2,-11.32
CC1=NC(C(=O)O)=C(C)O1,-18.62
CC=1OC(=NC1C(=O)O)C2CC2,-3.25
CC1=NN(C=C1CN)C=2C=CC(F)=CC2,-32.66
NS(=O)(=O)C1=NC2=CC=CC=C2N1,-21.75
CN1N=C(C=C1C2CC2)C(=O)O,-23.52
C=1C=CC(=CC1)NC2CCNC2,-38.64
CC=1OC(=CC1CO)C(=O)O,-22.92
CNCC=1C=CC=C(N1)OC,-27.68
COC=1C=C(C)C=CC1C#N,-26.57
CCC(C)C=1C=C(ON1)C(=O)O,-2.04
O=C(O)C1=CC(=NO1)C2CCCC2,-24.93
CC(C)C=1C=C(ON1)C(=O)O,-11.34
CCC(C)C=1N=CC(N)=CN1,-29.56
O=C(O)C1=CC(=NO1)C2CC2,-5.04
O=C(O)C1=CNC=C1C2CC2,-10.09
C1CC(CN1)C2CCOC2,-22.78
COCC1=CC(=O)C2=CC(F)=CC=C2N1,-33.08
CC1=NOC(C)=C1COC2CCNC2,-23.64
ClC=1C=NN(C1)C2CCNC2,-28.43
ClC=1C=CC(=NC1)OC2CCCNC2,-36.75
C(C1CCNC1)N2CCOCC2,-27.63
CC=1C=C(F)C=CC1C2NCCNC2=O,-35.19
O=C1NCCNC1C=2C=CC=CC2F,-34.07
CC(C)C1NCCNC1=O,-25.95
OCC1=CN2C=C(Cl)C=C(Cl)C2=N1,-32.77
C1CC2(CN1)CCOCC2,-25.94
CC=1ON=C2C(=O)NN=C(C)C12,-27.53
OC1CCCC(C1)C(F)(F)F,-31.95
O=C1NC=2C=C(F)C=CC2O1,-18.79
C1=CSC(=N1)C2CCCCN2,-33.38
CN1C(N)=NC2=CC=C(F)C=C21,-26.89
CCC1=NC(=NO1)C2CCCN2,-32.2
CC(C)C1=NC(=NO1)C2CCCN2,-35.4
O=C(O)C1CC21CCCC2,-15.23
C(C1CCOCC1)N2CCNCC2,-34.08
OCCC1=CN(N=N1)C2=CC=CC=C2F,-33.69
O=C(O)CC=1C=NC=2C=CC=CC2C1,-25.97
CC1=CSC(=N1)C2CNCCO2,-30.83
CN1N=CC=C1C2CCNCC2,-17.49
C1CCC(NC1)C2=NN=C3CCCCN23,-36.01
CC=1N=C(C)C(F)=C(N1)N2CCSCC2,-32.33
CCC1=NC=2C=CC=CC2N1CCN,-29.05
CC=1N=C2CNCCN2C1C,-28.11
CC(C=1C=CC=C(F)C1)N2CCN3C=CN=C3C2,-37.2
CN1C=NC=2C=NC=CC21,-24.87
NC1=NC(CC=2C=CC(F)=CC2)=NO1,-31.64
NC1=NC(=NO1)C2=CC=CC(F)=C2,-37.37
C1=CC(CN2CCNCC2)=NO1,-28.24
O=C(O)C1CCCN2C=CN=C12,-24.05
CC(N)C=1C=CC(=CC1)C=2C=NC=NC2,-39.34
C1CCC2(C1)COCCN2,-30.27
C1CCC2(CC1)COCCN2,-28.63
NC=1C=CC2=NN=C(C3CC3)N2C1,-22.33
C1CCC=2SC(=NC2C1)C3CCCNC3,-43.83
FC(F)(F)C1=CSC(=N1)C2CCCNC2,-32.08
FC(F)(F)C1=CSC(=N1)C2CCNCC2,-30.34
CNCCC1CCOCC1,-28.59
CC(C)CC1=NN=C2CNCCN12,-30.77
C=1C=CC(=CC1)CC2=NN=C3CNCCN23,-38.86
FC(F)C1=NN=C2CNCCN12,-25.06
CC1NCCN2C(=NN=C12)C3CCCC3,-38.07
CC1(CCOCC1)C(=O)O,-0.62
CNC1=NC(=NO1)C=2C=CC=CC2,-31.72
CC(C)C1CCCCC1O,-33.4
OC1CCCCC1C=2C=NC=NC2,-38.71
CCN1C=C(C=N1)CCO,-8.0
NC(CC1CCOCC1)C=2C=CC=CC2,-36.45
CC1=CN=C(S1)C2CCCCN2,-37.3
CC1=CN=C(S1)C2CCNCC2,-21.3
CCOC=1C(F)=CC=CC1C(=O)O,-21.0
CC=1N=C(C=CC1C(=O)O)C2=CC=CO2,-33.75
CC1CNCCN1CCO,-32.11
COCCN1CCNCC1C,-31.09
CC1=CC(N)=NN1C=2C=CC(F)=CC2,-29.65
CC1=CN(N=C1N)C(C)C,-24.88
CC(C)CN1C=NN=C1C2CCCN2,-37.73
CC(C)C1CCC(N)CC1,-21.98
NC1=NN=C(N1)C=2C=CC(F)=CC2,-32.05
CC(C)C=1N=C(N)N(C)N1,-23.63
CN1N=C(N=C1N)C2=CC=CS2,-35.74
FC=1C=CC=NC1OC2CCCNC2,-31.12
