mol_id,canonical_smiles,mmgbsa_kcal_mol
0,FC(F)(F)c1ccccc1-c1nnn[nH]1,-9.18
1,OCc1cnn(CC(F)F)c1,-17.31
2,CC(O)c1cnn(C2CCCC2)c1,-37.43
3,COc1ccc(CC(N)=O)cc1F,-33.45
4,NC(=O)Cc1noc2ccccc12,-30.53
5,CNCc1cnc(C(C)C)nc1,-28.29
6,CCNCc1cn(C)nn1,-26.4
7,CNC1CCCCC1S(C)(=O)=O,-31.09
8,O=c1ccc(C2CC2)n[nH]1,-21.53
9,Nc1ccc(C2CC2)nn1,-27.6
10,NCc1cc(F)cc2c1OCOC2,-30.4
11,CNCC1(O)CCc2ccccc21,-35.75
12,NC1CCC(N2CCCCC2)CC1,-29.92
13,NC(=O)c1csc(N)n1,-17.28
14,OC1(Cc2ccccc2F)CCNCC1,-34.39
15,Cc1cccc(-c2c(C)n[nH]c2N)c1,-32.88
16,O=c1[nH]nc2n1CCCC2,-21.95
17,Cc1nc2n(n1)CC(N)CC2,-26.15
18,Cc1cc(-n2cc(CO)nn2)ccc1F,-38.32
19,CNc1cc(-c2ccccc2)[nH]n1,-30.38
20,CN1C(=O)CNc2ccccc21,-31.04
21,CN1C(=O)CCC1C(=O)O,-12.24
22,CNCc1c(C)noc1C,-21.04
23,NC(=O)C1CNc2ccccc2C1,-33.52
24,Cn1nc(C(F)F)c2cc(C(=O)O)sc21,-18.68
25,Nc1ccc(Cl)c(CO)n1,-26.01
26,Cn1nc(C2CCOCC2)cc1N,-34.5
27,CN1CCN(CCO)CC1,-29.95
28,CC(C)N1CCCC(CO)C1,-35.74
29,OCc1nc(C(F)(F)F)cs1,-21.21
30,Cn1[nH]c(=O)c2cccnc21,-22.55
31,Cc1cc(C(F)(F)F)c(C(N)=O)c(N)n1,-24.11
32,c1csc(-c2nnc[nH]2)n1,-29.08
33,CNC(=O)C1CNc2ccccc2O1,-34.35
34,Cc1nn(Cc2ccccc2)c(C)c1CN,-36.67
35,O=C1CCN(c2ccccc2)N1,-33.82
36,Nc1ncc(C(F)(F)F)cc1Cl,-28.71
37,O=C(O)c1ccc(Cl)cc1,-12.9
38,CC1(C)CC(O)CC(C)(C)N1,-29.16
39,O=C(O)Cc1ccc(F)cc1,-12.3
40,Cc1cccc(CCCO)n1,-40.58
41,COc1ccc(Cl)cc1C(=O)O,-26.06
42,O=C(O)Cc1cccc(F)c1,-17.52
43,O=C(O)Cc1ccccc1F,-14.95
44,Cn1c(=O)c2c(ncn2C)n(C)c1=O,-28.75
45,NC(=O)N1CCCC(C(=O)O)C1,-17.53
46,O=C(CNC1CCCC1)N1CCCC1,-35.29
47,Cc1c(C(=O)O)cccc1N1CCNC1=O,-31.25
48,CC1CC(C(F)(F)F)c2c(n(C)[nH]c2=O)N1,-31.92
49,Cc1nn(C(F)F)c(C)c1CO,-28.35
50,OCc1cc(Cl)c2nccn2c1,-33.43
51,CC1CN(CCCN)CCCO1,-29.09
52,OC1CN(c2ccc(C(F)(F)F)cn2)C1,-29.19
53,Cn1cc(C2CCCN2)cn1,-27.09
54,Cc1nc2c(C(=O)O)cccc2[nH]1,-23.46
55,CC1(C(=O)O)CCCOC1,-6.65
56,Cn1nc(C2CCCOC2)cc1N,-32.89
57,c1cn2c(n1)CN(C1CCNCC1)CC2,-29.66
58,OCc1ccc2[nH]nnc2c1,-26.19
59,Cc1cc(Cn2nc(C)ccc2=O)on1,-29.49
60,c1c(C2CC2)n[nH]c1N1CCNCC1,-34.75
61,NCc1cc(F)c(N2CCOCC2)c(F)c1,-32.02
62,Cn1cc(C2CCCCN2)cn1,-32.14
63,CC1C(=O)NCCN1C(=O)c1ccco1,-32.17
64,CC1C(=O)NCCN1C(=O)c1ccccc1,-37.13
65,O=S(=O)(NC1CCCC1)C1CCOCC1,-26.63
66,CNc1ccc2nc(C)sc2c1,-31.59
67,CNc1cccc(CO)c1,-27.37
68,O=C(O)Cn1cc2ccccc2n1,-14.25
69,NS(=O)(=O)c1ccc2c(c1)COC2,-31.15
70,CN1C(=O)CNC(=O)c2ccccc21,-19.89
71,OCc1c[nH]c(Cc2ccccc2)n1,-37.83
72,O=C(O)CC1OCCc2sccc21,-28.44
73,Cc1ccc(C2CCNCC2)cn1,-32.72
74,COc1ccc2[nH]c(C(=O)O)cc2c1,-10.1
75,CC1CNC(c2ccccc2)CO1,-34.82
76,CC(O)Cc1nc2ccccc2s1,-34.61
77,Cc1cccnc1CCN,-23.16
78,Cc1cccc(CCN)n1,-26.35
79,O=C(O)CC1OCCc2ccsc21,-20.19
80,CC(C)C1CCCC(N)C1,-26.65
81,O=C(O)CC1OCCc2ccccc21,-28.08
82,CC1(C)CCCN1CCN,-31.15
83,OC1(c2ccccc2)CCOCC1,-30.83
84,OC1(Cc2ccc(F)cc2)CCOCC1,-30.5
85,C=C(C)CN1CCCC1c1cnn(C)c1,-41.97
86,Cc1cc(NC(C)C)ccc1C(N)=O,-26.82
87,CNCc1ccc(C(=O)NC)o1,-26.41
88,c1ccc2[nH]c(C3CCCO3)nc2c1,-32.62
89,Nc1[nH]nc(C(F)(F)F)c1-c1ccccc1,-33.58
90,Cc1cccc(C(=O)N2CCCNCC2)c1,-37.6
91,CC1CCCC1NCCO,-40.62
92,O=C(O)c1ccc2[nH]ccc2c1,-17.37
93,CC1CNCC(C2CC2)O1,-25.46
94,CN1CC(=O)Nc2ccccc2C1=O,-35.44
95,O=C1CC(c2ccccc2F)C(=O)N1,-31.73
96,OCC1CN(Cc2ccccc2)CCO1,-45.44
97,NC(=O)c1ccc2c(c1)NC(=O)CCN2,-29.09
98,O=C(O)c1sccc1OC(F)F,-10.49
99,FC(F)(F)c1ccnc(C2CCNCC2)n1,-28.0
100,O=C(O)C1CC12CCOC2,-16.4
101,OC1(C(F)(F)F)CCOC1,-26.68
102,COc1ccsc1C(=O)O,-10.96
103,Cc1csc(C(C)N2CCNCC2)n1,-38.13
104,N#Cc1ccc(Cn2cnnc2)c(F)c1,-33.21
105,O=C(O)Cc1coc(-c2cccs2)n1,-19.08
106,Nc1[nH]ncc1CCCO,-30.17
107,O=C1NCc2ccccc2N1CCO,-32.03
108,C[C@@H](O)c1cccc(C#N)c1,-36.49
109,NC(=O)C1CCc2ccccc21,-29.21
110,OC[C@@H]1CCCN1Cc1cccc(F)c1,-38.04
111,Cc1cnc(N)nc1-c1ccccc1,-33.0
112,CCc1n[nH]c(=O)c(C#N)c1CC,-22.55
113,CCC1CNCCN1CC(C)O,-35.32
114,CC(C)n1ccnc1CN1CCCNCC1,-41.99
115,NC1CCc2ncnn2C1,-25.85
116,CCc1nc2n(n1)CC(N)CC2,-30.14
117,Cc1cc(C)n(CC2CNCCO2)n1,-30.12
118,Cc1nn(C)c(C)c1C1CCCN1,-31.72
119,O=C1CNC(=O)c2sccc2N1,-32.09
120,CNc1cnnc2ccccc12,-31.3
121,O=c1[nH]cnc2c1CCCN2,-24.86
122,OC1(Cc2cccc(F)c2)CCNC1,-35.86
123,OC1(Cc2ccccc2)CC2CCC(C1)N2,-37.0
124,CCN1CCNC(C)C1=O,-27.78
125,CC(C)c1nc2c(n1C)CCNC2,-29.92
126,O=C(O)CN1C(=O)CCCc2sccc21,-18.78
127,Nc1noc(Cc2ccc(F)cc2)n1,-35.79
128,Nc1noc(Cc2ccccc2)n1,-30.94
129,OCC1CCc2ccccc21,-31.05
130,Cc1nc(C)c(CCN)s1,-30.57
131,CCNCc1ccc2[nH]ccc2c1,-33.66
132,OCc1nc(Cc2ccc(F)cc2)no1,-35.75
133,OCc1nc(Cc2cccc(F)c2)no1,-34.01
134,Cc1nn(C)c(N)c1C#N,-23.62
135,CCC(O)C1CCCCN1,-35.45
136,COCCn1nc(C)cc1C,-35.69
137,c1ccc(CCn2cncn2)cc1,-31.47
138,NS(=O)(=O)c1ccc2c(c1)CCCO2,-32.42
139,OCc1noc2c1CCCC2,-33.69
140,CCc1nc(C(C)N)cs1,-27.54
141,C1CNCCC(N2CCOCC2)C1,-33.47
142,CNc1cc(C#N)c2ccccc2n1,-37.67
143,CC1CNCC(C(F)(F)F)O1,-23.46
144,COCC1CNCC(C)O1,-25.4
145,Cc1nc(-c2cc(C(=O)O)oc2C)cs1,-23.51
146,O=S1(=O)CCNC2CCCCC21,-26.21
147,CCC(N)C1CCOCC1,-22.66
148,O=C(O)c1ccncc1C(F)(F)F,-14.4
149,OCCOc1cccnc1,-30.79
150,CN1C(=O)CC(C(=O)O)C1c1ccccc1,-24.63
151,O=C1CCCCN1c1ccccc1,-31.76
152,Cn1nccc1C(O)c1ccccc1,-37.73
153,Cn1nccc1N1CCCC(N)C1,-26.92
154,Cn1nccc1CC1CCNCC1,-32.49
155,CCn1nccc1CCO,-28.34
156,Cn1ccnc1CC1CCCNC1,-30.35
157,Cn1ccc2c1C(=O)NCC2,-20.69
158,CC1Nc2ncccc2NC1=O,-25.87
159,OCC#Cc1cccc(F)c1F,-30.94
160,NC1CCSc2ccc(F)cc21,-32.9
161,NCCc1csc(N2CCCC2)n1,1.04
162,CN1C(=O)CC(C(=O)O)C1c1cccs1,-22.2
163,CN1CCC(CN)C1c1cccs1,-29.76
164,Cn1c(=O)oc2cc(CO)ccc21,-31.12
165,c1n[nH]cc1C1CCCCN1,-32.22
166,NC1CCOC(c2ccncc2)C1,-35.43
167,NC1CCOC(C2CC2)C1,-26.96
168,OC1CCOC2(CCOCC2)C1,-31.37
169,NC1CCOC2(CCOC2)C1,-23.94
170,CC1CC(C(=O)O)CCO1,-15.54
171,O=C(O)c1cncc(F)c1,-11.38
172,COc1cc(C)sc1C(=O)O,-25.38
173,COc1nc(C)cc(=O)[nH]1,-20.43
174,OCc1ncccc1C(F)(F)F,-28.12
175,Cc1cc(CC(=O)O)no1,-15.04
176,CC(C)C1CCNC(=O)CC1,-30.0
177,Nc1cc(CCO)ccn1,-26.85
178,CCc1cc(Cl)cnc1N,-26.37
179,CC1(C)C(=O)Nc2ccccc21,-29.32
180,O=c1cccnn1-c1ccccc1,-30.84
181,Cc1sccc1CC(=O)O,-10.61
182,O=C(O)CC1NC(=O)c2ccccc21,-28.88
183,COc1ccc2c(c1)CCCNC2=O,-34.67
184,Clc1ccccc1C1CNCCN1,-40.02
185,Cc1nc(C)c(N(C)C)nc1C,-28.37
186,CCc1n[nH]c(=O)n1CC,-18.92
187,COc1cncc(OC)c1,-24.03
188,CC1(C(=O)O)CC=CCC1,-6.4
189,COc1cccc2ccc(N)nc12,-31.37
190,Cc1nc(C(N)=O)c(N)n1C,-19.36
191,Cn1cc(N)c(C(N)=O)n1,-17.88
192,CCn1cc(N)c(C(N)=O)n1,-17.52
193,CCn1cc(C(C)N)c(C)n1,-29.45
194,CC(C)n1ncc(C(N)=O)c1N,-26.52
195,CC1=NC2(CCCC2)C(=O)N1,-29.21
196,O=c1nc2ccccn2c(=O)[nH]1,-27.85
197,Cc1nccnc1CCO,-24.29
198,Cc1cc(C(=O)O)n(C(F)F)n1,-14.92
199,Cn1cc(C(=O)O)c(C2CC2)n1,-16.62
200,CCn1cc(C(=O)O)c(C2CC2)n1,-16.98
201,Cn1cc(CO)c(-c2ccccc2)n1,-36.92
202,O=C1CCc2cccnc2N1,-31.54
203,CCc1ccc(C2CNCCN2)cc1,-41.55
204,O=C1CCOc2cc(F)ccc21,-22.83
205,O=C(O)C1C=CC=CC=C1,-15.98
206,CCOc1cccc(C)n1,-26.03
207,Cc1cccnc1CCO,-31.83
208,c1nc(C2CC2)nc2c1CNCC2,-28.01
209,CN(C)C1CCCC(N)C1,-22.34
210,Cc1ccc(C(N)=O)c(F)c1,-26.8
211,COc1ccccc1C1CNCCN1,-35.75
212,COc1ccncc1C#N,-25.25
213,Cc1ccc(N2CCNCC2=O)cc1,-36.01
214,CCC(C)n1nccc1C(=O)O,-19.44
215,c1cncc(C2CNCCN2)c1,-34.75
216,Cc1ccn2ncc(C(=O)O)c2c1,-11.04
217,NCCc1cn2c(n1)SCC2,-24.56
218,CCc1cc(C(=O)O)on1,-6.31
219,O=C(O)c1ccnc(C(F)(F)F)c1,-18.25
220,CN1CCCC(C)(CO)C1,-34.78
221,Nc1nnc(C(F)(F)F)o1,-19.51
222,c1cnc2c(c1)NCCN2,-21.75
223,CN1CC(=O)Nc2cccnc21,-29.17
224,c1cnc2c(c1)CCCN2,-28.55
225,OCC1Cc2ccccc2C1,-29.12
226,COc1ccccc1-c1nnco1,-31.88
227,Nc1cc(C(F)(F)F)ncn1,-18.39
228,OC1CCc2[nH]ncc2C1,-29.01
229,COc1ncccc1CCN,-22.42
230,Cc1c(CCN)cnn1C,-28.86
231,Cc1nn(C)cc1CCN,-5.07
232,OCc1ccc(-c2c[nH]cn2)cc1,-35.2
233,COc1c(C)csc1C(=O)O,-19.0
234,O=C(O)c1ccn(CC(F)F)n1,11.33
235,c1ncc2c(n1)CCNCC2,-28.28
236,O=C1CCC[C@H](C(=O)O)N1,-10.81
237,c1ccc(CCC2CNCCO2)cc1,-40.24
238,O=C1CC(CO)CN1c1ccccc1,-43.56
239,O=C(O)c1cc2n(n1)CCCC2,-15.8
240,CCn1nc(C2CC2)cc1C(=O)O,-4.61
241,O=C1NCc2ccc(F)cc21,-22.46
242,COc1cccc2c1CNC2=O,-27.21
243,O=C1COc2cc(F)ccc21,-20.44
244,Cc1cccn2c(N)cnc12,-29.35
245,Nc1cnc(C(F)(F)F)nc1,-22.37
246,Cc1ccc2cccc(C(=O)O)c2n1,-28.48
247,O=c1ccc(C(F)(F)F)n[nH]1,-16.93
248,O=C1NCCn2nccc21,-22.65
249,O=C1NCCNc2ccccc21,-21.57
250,CCn1nc(N)cc1C1CC1,-31.69
251,CNc1cc(OC)ccn1,-20.31
252,FC(F)(F)c1n[nH]c2ccncc12,-26.12
253,CCc1nc(C)c(C(=O)O)o1,-8.23
254,CC1(C(=O)O)CCCCO1,-9.04
255,OCc1cnc2ccccn12,-24.75
256,O=C1CC2(CCCC2)CN1,-23.64
257,CC(C)CC1CNC(=O)C1,-25.69
258,CC1(C)CNCC(C)(C)O1,-19.54
259,Cc1nc(O)ccc1C#N,-21.76
260,Cc1ccncc1CCN,-26.99
261,O=C(O)Cc1cccc(C(F)F)c1,-19.73
262,CC(C)CC1(CN)CCC1,-30.56
263,O=C(O)c1onc2c1CCCC2,-5.63
264,COCC1(CN)CCCC1,2.02
265,COc1ccc2[nH]nc(N)c2c1,-26.27
266,Nc1ncc(C(F)(F)F)cn1,-21.37
267,Nc1cc(-c2cccnc2)ccn1,-33.02
268,c1ccc2c(c1)COCCN2,-22.26
269,C1COC(C2CCNCC2)C1,-25.4
270,Cc1nc2n(n1)CCNC2,-29.32
271,OCc1cccc2cn[nH]c12,-27.31
272,COc1ccncc1CO,-23.78
273,OCCc1ccnc2ccccc12,-34.5
274,OC1(c2ccccc2)CCC1,-36.91
275,NC(=O)C1CCC(F)(F)CC1,-25.11
276,Cc1[nH]nc(C(F)(F)F)c1C(=O)O,-18.91
277,CNC1CCC(CO)CC1,-33.34
278,NC(=O)c1ccncc1F,-24.1
279,Cc1c(N)ccnc1CO,-29.06
280,Cc1onc(C2CC2)c1C(=O)O,-12.62
281,Cc1noc(C2CC2)c1C(=O)O,-17.25
282,OC1CNc2ccccc2C1,-30.12
283,O=C(O)c1cccc2c1NCC2,-16.81
284,OCc1cc2ccncc2s1,-26.0
285,Fc1ccc(C2CCCCN2)nc1,-36.9
286,c1ccn2c(C3CCCNC3)nnc2c1,-35.71
287,O=C(O)c1cc2c(Cl)cccc2[nH]1,-18.99
288,Cc1cccc2[nH]c(C(=O)O)cc12,-17.71
289,c1ccc2oc(C3CCCCN3)nc2c1,-35.39
290,O=C(O)c1cc2ccc(Cl)cc2[nH]1,-3.31
291,Cc1[nH]nc(C(F)(F)F)c1Cl,-26.8
292,Cc1noc(C(F)(F)F)c1C(=O)O,-15.89
293,CC1Nc2ccccc2NC1=O,-26.1
294,COc1cc(CO)ccc1F,-32.58
295,COc1ccnc(C(N)=O)c1,-26.7
296,OCc1cncn1Cc1ccccc1,-37.97
297,O=C(O)c1cccc(C(F)(F)F)n1,-14.82
298,NC(=O)c1ccccc1CC(=O)O,-16.02
299,OCc1ccc2occc2c1,-24.93
300,O=C(O)Cc1ccc(Cl)c(F)c1,-22.15
301,O=C(O)c1ncccc1C(F)(F)F,-16.08
302,O=C(O)c1cncc(C(F)(F)F)c1,-6.49
303,c1cnc2c(c1)NCCO2,-23.37
304,CN1C(=O)CCC1CC(=O)O,-11.1
305,CCC1C(=O)Nc2ccccc21,-29.19
306,Cn1ncc2c(=O)cc[nH]c21,-25.54
307,C1COCC2(C1)CCNC2,-27.57
308,OC1CCCc2c[nH]nc21,-30.21
309,c1cncc(C2NCCc3nc[nH]c32)c1,-36.14
310,Nc1cc(C(F)(F)F)ccn1,-20.76
311,Nc1cnc2c(c1)CCCC2,-32.22
312,Cc1ccn2c(N)nnc2c1,-27.52
313,Cn1cc(C(N)=O)c(N)n1,-17.99
314,NC1CCCn2ncnc21,-24.27
315,Nc1cnc2c(n1)CCCC2,-29.57
316,Nc1cc2n(n1)CCCC2,-19.61
317,COC1(CN)CCOCC1,-21.84
318,COCC1CCC(N)CC1,-18.43
319,Cc1ccc2[nH]cnc2c1C,-28.01
320,CC1(C)CNCC(C)(C)N1,-24.21
321,c1cc2c(cn1)NCCN2,-24.95
322,O=C1NCc2ncccc21,-21.62
323,OC1(C2CC2)CCNCC1,-24.61
324,CC1CNC(=O)CC(C)C1,-29.5
325,O=C1CC(C(=O)O)CCN1,-24.11
326,O=c1cc[nH]c2c1CCCC2,-25.12
327,O=C1CN2CCCC2CN1,-29.01
328,CC1CCCC(C)C(=O)N1,-27.66
329,COCC1CCNC(=O)C1,-25.59
330,C1COC2CCNCC2C1,-24.97
331,O=C1NCCCC1CCO,-23.85
332,CC1CCC(NCCO)C1,-33.21
333,CC1Cc2cnccc2N1,-28.68
334,COCC1(O)CCNCC1,-19.94
335,CC(C)C1COCC(=O)N1,-23.88
336,O=c1[nH]nc2n1CCNC2,-23.65
337,C[C@@H](O)CN1CCNCC1,-28.71
338,O=C1CC(C(F)(F)F)CCN1,-18.21
339,O=C1CCCC(C(F)(F)F)N1,-25.22
340,CC1=CCC(C(=O)O)CC1,-12.51
341,Cc1cc(CC(=O)O)on1,-10.81
342,O=C(O)[C@H]1[C@@H]2CCCC[C@@H]21,-10.36
343,CC1(C)CCCC1C(=O)O,-14.73
344,CC1CCC(CC(=O)O)C1,-22.3
345,CC1(C(=O)O)CCC(=O)N1,-17.65
346,Cn1cc(C(=O)O)[nH]c1=O,-11.89
347,O=C(O)CC1=CCOCC1,-14.46
348,CCC1CCCC1C(=O)O,-11.58
349,CC1CCCC1(C)C(=O)O,-15.64
350,CCc1nocc1C(=O)O,-9.48
351,CC1COCCC1C(=O)O,-12.89
352,Cc1[nH]nc(C(=O)O)c1F,-14.59
353,CCc1ncoc1C(=O)O,-15.57
354,NS(=O)(=O)c1ccc2c(c1)C(=O)NCC2,-28.12
355,CCc1nnc(CO)n1C,-28.56
356,Cc1cnccc1OC1CCNCC1,-33.99
357,O=C1CC(CO)CN1Cc1ccccc1,-44.75
358,COc1cc2ccc(=O)[nH]c2cc1OC,-32.33
359,NC1CCCN(Cc2ccccn2)C1=O,-33.79
360,C1CNCC2(C1)CCCOC2,-28.13
361,NC1CC(=O)N2CCCCC12,-26.64
362,COc1ccc(C2C(CO)CCN2C)cc1,-40.79
363,O=C(O)CN1CCc2ccccc2C1=O,-22.3
364,OCc1cnc(C(F)(F)F)o1,-21.76
365,Cc1nc(CO)c2ccccn12,-29.99
366,Nc1nc(-c2ccccc2F)n[nH]1,-30.07
367,O=S1CCNC(c2ccccc2)C1,-41.29
368,COc1ccc2c(N)noc2c1,-25.0
369,OCc1cc2c(cn1)OCCC2,-34.54
370,OCC1CCCc2cccnc21,-34.54
371,O=C(O)C1CCCc2[nH]cnc21,-21.13
372,CC1CCNC(C(N)=O)C1,-29.54
373,O=C(O)c1conc1C1CC1,-8.21
374,Cc1ncc2c(c1N)C(=O)NC2,-28.31
375,NS(=O)(=O)c1ccc2c(c1)NCCC2,-28.57
376,O=C(O)C1CN(C(=O)C2CCCCC2)C1,-24.54
377,Cn1ccc(N2CCC(N)C2=O)n1,-26.43
378,CN1CCC(Oc2cccc(F)c2)C1=O,-37.28
379,O=C1CCCCC(C(=O)O)N1,-13.97
380,COCC1=Nc2ccccc2CN1,-33.62
381,Nc1nncn1Cc1ccccc1,-31.22
382,O=C1CC(Cc2ccc(F)cc2)C(=O)N1,-32.89
383,Fc1ccc(C2CNCCO2)c(Cl)c1,-33.26
384,NC(=O)c1cnc(C(F)(F)F)nc1,-24.61
385,N#CC1CCCC(F)(F)C1,-25.64
386,O=C(O)C1CCCC(F)(F)C1,-18.25
387,Cc1ncc(CO)n1-c1ccccc1,-40.02
388,Cc1ccc(C2CS(=O)(=O)CCN2)o1,-34.17
389,CC1NCCS(=O)(=O)C1C,-22.41
390,CC(C)c1nncn1CCN,-10.79
391,Cc1ccc(C2OCCCC2CN)cc1,-33.68
392,O=C1CCNc2ccc(F)cc2N1,-32.56
393,O=C(O)c1ccn(C2CCCCC2)n1,-29.94
394,CC1(C)NC(=O)C(c2ccccc2)NC1=O,-32.44
395,CCNS(=O)(=O)N1CCN2CCCC2C1,-40.03
396,CCC1(CO)CCNCC1,-28.72
397,NS(=O)(=O)c1cncc(Cl)c1,-26.08
398,CC1(C)CC(C(=O)O)c2ccccc2O1,-26.98
399,NC1CN(Cc2ccccc2)CCC1CO,-43.05
400,OCc1cnc2c(F)cccc2c1,-35.9
401,N#Cc1cccc(C(F)F)c1,-30.85
402,NC1CCN(Cc2ccccc2)CC1CO,-42.09
403,Cc1nc(C2CC2)sc1CC(=O)O,-28.97
404,CN1CCC(=O)Nc2cc(F)ccc21,-39.96
405,O=C(O)C1(O)CCC(C(F)(F)F)CC1,-13.91
406,NS(=O)(=O)C1CCC(C(F)(F)F)CC1,-25.01
407,CC1(O)CCCC(C(F)(F)F)C1,-33.12
408,Cc1nnc(-c2cccc(C#N)c2)[nH]1,-35.02
409,FC(F)(F)C1CNCCO1,-21.1
410,NC1c2ccccc2CCC1CO,-32.93
411,COCCN1CCNC(C)(C)C1,-29.93
412,CC(N)C1CN(Cc2ccccc2)CCO1,-35.72
413,Cn1cc(N2CCC(CO)C2)cn1,-32.52
414,c1ccc2[nH]c(C3CNC3)nc2c1,-28.0
415,CCN1CCC(=O)NC(C)C1=O,-28.88
416,CCN1CCC(=O)NC2(CCCC2)C1=O,-35.67
417,CCC1NC(=O)CCN(C)C1=O,-29.8
418,c1ccc(C2CNCCN2)cc1,-34.67
419,CS(=O)c1ccc(CC(=O)O)cc1,-19.91
420,CC1CN(CCO)C(C)CN1,-35.85
421,COc1cccc2c1C(C(=O)O)CC2,-18.35
422,Nc1nocc1-c1ccccc1F,-29.52
423,OCc1cnnn1-c1ccccc1,-36.07
424,Cc1nn2c(CO)c(C)nc2s1,-39.21
425,CC(C)c1ncsc1C(=O)O,-7.26
426,OC1CCCOc2c(F)cccc21,-34.82
427,Cc1cc(C2CNCCO2)ccc1F,-31.59
428,Cc1nc(C(C)C)oc1C(=O)O,-18.18
429,CC(C)c1nnc(CCN)s1,-31.77
430,c1ccc2c(c1)CCC21CNCCO1,-30.9
431,Cc1cccc2nc(N)oc12,-23.88
432,Fc1cc2c(cc1F)OCCN2,-25.33
433,OCC1(c2ccccc2)CCOCC1,-35.26
434,Cc1nc2sccn2c1C#N,-24.61
435,Cn1c(CO)nnc1-c1ccccc1,-33.18
436,O=C1CCC(C(F)(F)F)=NN1,-20.33
437,CNc1ccc(OC)cn1,-28.76
438,Cc1ccc(C(=O)O)cc1C#N,-16.61
439,O=C(O)c1cc2n(n1)CCC2,-14.24
440,O=C1CC=NN1c1ccc(F)cc1,-34.31
441,OCc1ccccc1C1CCNCC1,-33.5
442,O=C1CCCC(c2ccccc2)N1,-37.09
443,O=C(O)c1cnn2c1CCC2,-15.56
444,O=C(O)C1CCC(F)(F)C1,-9.42
445,COc1ccc(F)cc1CC(=O)O,-14.95
446,O=C1NCCCC1Cc1ccccc1,-32.47
447,Cn1nnc2cnccc21,-21.4
448,Nc1cccnc1C(F)(F)F,-18.59
449,COc1cccc2c1CC(N)C2,-26.91
450,Cc1cccc2c(C(=O)O)coc12,-12.88
451,O=S1(=O)Cc2ccccc2C1,-24.16
452,Cc1cc(C#N)ccc1C(=O)O,-19.46
453,c1ccc2c(c1)COC21CCCNC1,-34.63
454,OCc1nnc2n1CCCC2,-29.07
455,Cc1nc(C)c(=O)[nH]c1C,-28.1
456,COc1cc2c(O)ccnc2cc1F,-28.64
457,Cn1cnnc1-c1ccccc1Cl,-32.13
458,COc1cccnc1C(F)(F)F,-22.56
459,O=C1CC2(CCCCC2)CN1,-25.24
460,O=C1CC2(CCOCC2)CN1,-22.23
461,OCc1cccc(-c2ccccn2)c1,-43.52
462,Cn1c(=O)[nH]c2cnccc21,-24.81
463,OCC1CNc2c(F)cccc2C1,-34.77
464,CC(O)c1ccc(F)cn1,-27.18
465,OCCc1cn2ccccc2n1,-29.46
466,O=c1ccccn1C(F)F,-17.59
467,Cc1ccn2ncnc2c1N,-23.85
468,CC1(C)CNc2ncccc2O1,-26.35
469,CNCc1ccc(C)cn1,-23.86
470,OCCC1CCc2ccccc2N1,-37.58
471,O=C1COCC(c2ccccc2)N1,-35.87
472,OCc1ccc(OC(F)F)c(F)c1,-32.09
473,O=C(O)c1cccnc1C1CC1,-23.4
474,c1cnn(C2CCCCO2)c1,-29.45
475,O=C1NCCC1Cc1ccccc1,-35.83
476,OCc1c[nH]c2cccc(F)c12,-29.23
477,CN(C)c1cccnc1CN,-30.04
478,N#Cc1ccc(CO)c(Cl)c1,-32.35
479,C[C@@H]1CN(C2CCOCC2)CCN1,-38.64
480,O=C1NCCCN1Cc1ccccc1,-32.57
481,O=C(O)c1ccnc(C2CC2)c1,-19.6
482,COCc1csc(C(=O)O)c1,-16.14
483,N#Cc1ccc(C(F)F)nc1,-26.93
484,O=C1NCc2cccnc21,-27.55
485,Cn1nc(C(F)(F)F)cc1O,-24.6
486,O=C1Cc2cc(F)ccc2N1,-28.27
487,Cn1cc(CN)c(C(F)(F)F)n1,-22.76
488,OC1CCCn2ccnc21,-28.92
489,OCc1cc2cnccc2o1,-25.14
490,Cn1[nH]c(=O)c2ccccc21,-27.97
491,Cn1ncc(O)c1C(F)(F)F,-17.68
492,CC(C)c1ccc(C#N)cn1,-21.18
493,Clc1cccc(C2CNCCN2)c1,-41.36
494,O=C(O)c1cc2c(cn1)CCCC2,-28.91
495,O=C(O)CC1CCCC(=O)N1,-19.3
496,Cn1cc(C#N)c(C(F)(F)F)n1,-21.66
497,O=C1CC2(CCCNC2)CN1,-22.13
498,COc1ccc2c(c1)[C@H](O)CCO2,-37.09
499,Cc1ccnc(CCO)n1,-30.93
500,Cc1nc2c(C#N)cccc2[nH]1,-27.83
501,Cc1cnc2c(c1)NCCN2,-31.1
502,NCc1ccnc(OC(F)F)c1,-23.25
503,Cc1ccc2nc(C(=O)O)ccc2c1,-30.25
504,Cc1cc(F)c(C(=O)O)c(F)c1,-17.65
505,NCC1CN2CCCCC2CO1,-28.17
506,CC1(C)CC(O)C(C)(C)O1,-20.18
507,CN(C)c1cccnc1C#N,-27.03
508,Nc1ccc(OC(F)F)cn1,-22.32
509,CS(=O)(=O)c1ccc(C#N)cc1F,-27.18
510,C=CCOc1cccnc1,-29.0
511,Nc1cnc2c(c1)COCC2,-31.27
512,O=C1CC=NN1c1ccccc1F,-32.99
513,COc1cc(C#N)cc(C)n1,-26.29
514,CC(F)(F)c1cccc(C(=O)O)n1,-4.55
515,O=C(O)c1ccc2c(c1)CCOC2,-19.99
516,Cc1nc2c([nH]1)CCCC2,-29.01
517,Nc1c[nH]nc1-c1nccs1,-21.6
518,O=C(O)C1CC2(CCCCC2)C1,-22.43
519,O=C(O)C1CC2(CCOCC2)C1,-21.94
520,CNc1cc(C(C)C)[nH]n1,-24.86
521,COCC1(C)CNCCO1,-24.12
522,CC1CNCC2(CCOCC2)O1,-27.1
523,CCC1CNCC2(CCCOC2)O1,-29.31
524,Cn1ccc(C(N)c2ccc(Cl)cc2)n1,-35.48
525,CC1CNc2ccccc2N(C)C1=O,-34.49
526,FC(F)(F)c1cn2cccnc2n1,-24.06
527,CCn1ccnc1C(N)C1CCOCC1,-32.21
528,CS(=O)Cc1c(C(=O)O)oc2ccccc12,-24.64
529,CC(C)n1nc2c(c1N)CCC2,-27.18
530,CCn1ncc2c1CCCC2N,-30.54
531,Cn1cc(N)c(C(=O)NC2CCC2)n1,-26.6
532,Cc1csc(C2COCCN2)n1,-33.45
533,CC(C)c1nccc(O)n1,-23.88
534,Oc1ccnc(C2CC2)n1,-27.39
535,NC1CC(c2ccccc2F)C1,-31.82
536,Cc1csc(Cc2ccccn2)n1,-35.88
537,CC(N)c1nc(-c2ccc(F)cc2)no1,-34.42
538,O=C(c1ccc(Cl)cc1F)N1CCNCC1,-37.2
539,Cc1nsc(C)c1C(=O)O,-13.57
540,Cc1nc2c(C(=O)O)cccc2o1,-19.84
541,CC1(C)CCCCC1C(=O)O,-20.19
542,Cc1cc(CC(=O)O)sn1,-16.99
543,CS(=O)c1ccccc1CC(=O)O,-11.72
544,CC1(C(=O)O)CCCNC1=O,-4.82
545,CC(C)c1scnc1C(=O)O,-12.82
546,Cc1nc2c(s1)CCCC2C(=O)O,-29.32
547,O=C(O)CC1CCCCNC1=O,-27.91
548,O=C(O)C1CCc2[nH]ncc2C1,-18.93
549,O=C(O)Cc1ccc2[nH]c(=O)[nH]c2c1,-14.26
550,O=C(O)CC1CCCCC(=O)N1,-21.05
551,CC1CCn2ncc(C(=O)O)c2C1,-21.45
552,O=C(O)c1ccc(C(F)F)o1,-7.7
553,c1ccc(Cc2c[nH]cn2)cc1,-35.8
554,OCC1(c2ccccc2)CCNCC1,-32.13
555,c1ccc(Cc2nnc[nH]2)cc1,-36.91
556,CC1Cc2nc[nH]c2CC1C,-27.96
557,OC1CCCNc2ccc(F)cc21,-37.62
558,OCC1(c2ccccc2)CCNC1,-36.94
559,C1CC(C2CNC2)CCO1,-24.51
560,COc1cc2c(cc1F)CNCC2,-27.64
561,c1c[nH]c(C2CCOCC2)n1,-27.34
562,O=S1(=O)CCc2c[nH]cc21,-17.39
563,OC(c1ncc[nH]1)C1CCCCC1,-32.32
564,Nc1nc(C(F)(F)F)ns1,-20.9
565,Cc1nsc(N)c1C(N)=O,-22.44
566,Cn1cc(N)c(-c2ccccc2)n1,-31.92
567,Cn1cc(C(N)=O)c(C(F)F)n1,-25.07
568,NC1=NC(c2ccccc2)C(=O)N1,-27.28
569,Cn1nc(N)cc1OC(F)F,-21.37
570,Cn1nc(C(N)=O)cc1OC(F)F,-23.3
571,COc1cccc2c1nc(N)n2C,-29.47
572,Cn1nc(C(F)(F)F)nc1N,-21.42
573,Cc1nc(C)c(C)c(O)n1,-22.39
574,O=c1cc(C2CC2)[nH]c(=O)[nH]1,-17.1
575,OCc1nnc(C2CC2)s1,-27.66
576,CCC(C)n1cc(Cl)c(C(=O)O)n1,-21.39
577,O=C(O)Cn1nc(C(F)F)c2c1CCC2,-18.26
578,NC1CCc2ccc(F)cc21,-27.61
579,Nc1ccnn1Cc1ccccc1F,-34.09
580,Cn1c(CCN)nc2ccc(F)cc21,-30.16
581,NC1CC(c2ccc(F)cc2)C1,-29.59
582,O=C(c1ccc(F)cc1)N1CCCNCC1,-32.29
583,O=S1CCCNc2ccccc21,-28.33
584,NC1CCCC1Cc1ccccn1,-37.9
585,CC(C)Cn1ncnc1CO,-30.39
586,OCc1ncnn1CC(F)F,-29.18
587,Cc1nc(CC2CC2)oc1C(=O)O,-10.74
588,Cc1ncsc1-c1c[nH]cc1C(=O)O,-14.07
589,Cc1nc(C(N)c2ccccc2F)no1,-32.48
590,OCc1ccn(-c2ccccc2F)n1,-35.39
591,NC(CO)c1ccc(F)cc1,-26.8
592,NC(CO)c1cccc(F)c1,-30.83
593,NC(CO)c1ccccc1F,-32.07
594,NCc1nnc2n1CC(C(F)(F)F)CC2,-29.85
595,NCc1nnc2n1CCCC2C(F)(F)F,-28.53
596,Cc1cc(CC2CCCC2N)n(C)n1,-39.61
597,CCC1(O)CCC(N)CC1,-29.76
598,CCC1CN(S(C)(=O)=O)CCC1N,-30.27
599,CC1CN(C(C)C)CC1N,-30.11
600,O=c1[nH]cnc2nc(C(F)(F)F)[nH]c12,-19.38
601,O=c1[nH]c(C(F)(F)F)nc2[nH]cnc12,-24.43
602,Cn1cc(S(N)(=O)=O)c(C(F)(F)F)n1,-24.57
603,COc1cc(CC(=O)O)ccc1Cl,-24.58
604,O=C(O)Cc1cnccc1C(F)(F)F,-12.88
605,COc1ccc(Cl)cc1C(O)CN,-31.26
606,O=C(O)c1ccc(C(F)(F)F)c(=O)[nH]1,-14.58
607,O=C1COC(c2cccc(Cl)c2)CN1,-35.83
608,COc1ccc(C)c(S(N)(=O)=O)c1,-29.72
609,O=S1(=O)Cc2ccc(Cl)cc2N1,-20.24
610,CS(=O)(=O)c1ccccc1F,-22.63
611,Cc1cnn(-c2ccc(C(C)N)cc2F)c1,-43.66
612,NC1CCCN(c2cccc(F)c2)C1,-36.83
613,OC(CC1CCCN1)c1ccccc1,-42.48
614,CC(C)Cc1nc(C#N)c(N)o1,-31.1
615,CC(C)c1nn(C)cc1N,-23.21
616,FC(F)(F)c1ccn(-c2ccncc2)n1,-31.81
617,OCC1(Cc2ccccc2)CCCNC1,-36.16
618,COC1(C#N)CCOCC1,-24.43
619,O=C(O)c1cc(C2CC2)[nH]n1,-11.14
620,CC1(c2cccnc2)CNC(=O)C1,-30.94
621,COCC1(C)CNC(=O)C1,-22.38
622,O=C1CC2(CCOC2)CN1,-20.81
623,CC1(C)NC(=O)CC1c1ccccc1,-29.84
624,O=C1CCC(Cc2ccccc2)N1,-31.74
625,Cc1ccc(C(O)c2cncn2C)cn1,-38.54
626,COCc1cc(C(N)=O)no1,-22.88
627,Cc1c(N)noc1-c1ccccc1F,-33.46
628,Cc1occc1-c1cc(N)no1,-30.61
629,Cc1cncc(-c2cc(N)no2)c1,-36.27
630,Fc1ccccc1CO[C@H]1CCCNC1,-42.77
631,O=c1n(CC(F)F)nc2n1CCNC2,-33.8
632,CC(N)c1nc(-c2cccc(F)c2)no1,-38.17
633,NCCOc1ccccc1F,-30.47
634,O=c1c(C(F)(F)F)cccn1CC1CCC1,-16.97
635,CC(C)Cn1ncc(N)c1C(C)C,-22.73
636,Cn1ncc(CO)c1C(F)F,-25.73
637,COC1(C)CC(N)C1(C)C,-25.24
638,NCc1nc2cc(F)ccc2[nH]1,-24.11
639,Nc1cnn(C(F)F)c1,-19.9
640,O=C1CC=NN1Cc1ccccc1,-36.41
641,NCC1(CCO)CCCC1,-32.2
642,Cc1cc(F)cc(S(N)(=O)=O)c1,-26.58
643,COc1cccc(C2(O)CCC2)c1,-35.41
644,CC(N)C1CN(C)CCO1,-28.53
645,CN1CCOC(C(N)c2ccc(Cl)cc2)C1,-45.14
646,OCC1CCCN1CC1CCCN1,-41.09
647,O=C(O)c1[nH]ccc1C1CC1,-6.59
648,CCC1OCCC1C(=O)O,-12.41
649,CC(C)C1OCCCC1C(=O)O,-9.96
650,CCC1OCCCC1C(=O)O,-9.71
651,O[C@@H]1CN(CC(F)F)C[C@@H]1O,-29.77
652,O=C(O)C1CCCc2[nH]ncc21,-14.23
653,OCc1cc2n(n1)CCC2,-25.52
654,CN1CCC(C)(CO)CC1,-36.91
655,NC(=O)C1CCCn2ccnc21,-28.42
656,NCc1c(F)cccc1N1CCCC1,-27.2
657,CNC1CC(=O)N(Cc2ccccc2)C1=O,-44.14
658,O=C(NCc1c[nH]nn1)C1CC=CCC1,-40.94
659,Cc1cccc2[nH]c(CO)cc12,-28.95
660,Cc1c(N)nnn1Cc1cccc(F)c1,-35.74
661,c1cc(OCC2CCCCO2)ccn1,-43.39
662,NCC#Cc1ccc(C(F)(F)F)cc1,-32.41
663,COCCc1ccnc(N)c1,-28.82
664,CC1CN(c2ccc(CN)cc2)S(=O)(=O)C1,-38.31
665,Cc1cccc2nc(C3CCNCC3)oc12,-33.54
666,C1CC(Cc2nc(C3CC3)no2)CCN1,-32.47
667,O=C1CCN(C2CC2)CCN1,-31.43
668,CCC(O)c1ccc(F)cn1,-30.44
669,CC(O)c1nc2cc(Cl)ccc2n1C,-35.36
670,c1cn(-c2cncnc2)cn1,-22.34
671,O=C(O)Cc1scnc1-c1ccccc1,-20.54
672,c1ccc(CC2COCCN2)cc1,-36.15
673,OC(CC1CCCN1)c1cccs1,-40.24
674,CN(c1ccc(C(N)=O)nn1)C1CCC1,-30.39
675,CC1c2ccccc2CC1O,-26.63
676,CC1(C)CCCC1(O)CN,-33.61
677,N#Cc1cc(C(F)(F)F)ccc1C(=O)O,-21.62
678,CCC1(C)CCNC(=O)CC1,-24.1
679,N[C@@H]1CCCc2cc(F)ccc21,-26.74
680,CC1(C)CC(C(=O)O)C(C)(C)O1,-10.27
681,OC1COc2cc(Cl)ccc21,-34.39
682,OC1CCc2cn[nH]c2C1,-26.64
683,O=S1(=O)CCNCC12CCCCC2,-27.5
684,OCc1cc(C(F)(F)F)no1,-24.17
685,CC1CCC(=O)N1Cc1ccccc1,-33.99
686,Cn1cc(CNc2ccc(F)cc2)cn1,-35.92
687,c1cc2c(cn1)NCCCN2,-31.25
688,CCN1CCCCC1CO,-33.69
689,O=C(O)c1[nH]nc(C2CC2)c1Cl,-10.58
690,CNCCN1CCOCC1,-29.84
691,CC1CN(C2CC2)CC1N,-29.22
692,CCC1CCC(C(=O)O)O1,-12.14
693,NC(=O)Cc1c(F)cccc1F,-21.16
694,OC(c1ncc[nH]1)c1ccco1,-37.05
695,CNC(c1ccccc1)c1ncc[nH]1,-37.66
696,CN1CCCCC1CCO,-33.91
697,OCC1CC12CCOCC2,-22.96
698,NC(=O)c1c[nH]c(C2CC2)n1,-26.1
699,CC1NCCn2cnnc21,-25.52
700,Cc1nn(C)c2c1NCCO2,-26.38
701,CC1Cc2ccc(F)cc2C1N,-31.21
702,CC1(c2nsc(N)n2)CC1,-28.32
703,Nc1cnc(CC2CC2)nc1,-30.08
704,Nc1nc(CC2CC2)ns1,4.84
705,C1CC(C2CNCCO2)C1,-20.85
706,Cn1nccc1C(O)C1CCNCC1,-31.07
707,Cc1ccc(-n2cc[nH]c2=O)cc1,-32.85
708,COc1ccc(CC2CC(=O)N2)cc1,-37.61
709,O=C1COc2cccc(F)c2N1,-28.81
710,CC(C)c1nocc1C(=O)O,-10.48
711,O=C(O)c1cc(C2CC2)[nH]c(=O)c1,-25.02
712,N#Cc1c(C2CC2)n[nH]c1N,-19.67
713,Cn1ncc2cc(CC(=O)O)ccc21,-16.88
714,COc1cccc(C(O)CO)c1,-32.79
715,O=C(O)CC1CCC(=O)NC1,-14.13
716,CC1(C)CNC(=O)C(C)(C)N1,-31.4
717,Cc1n[nH]c(C)c1C1CCCC(=O)N1,-37.84
718,O=C(O)C1CNc2ccc(F)cc2C1,-21.81
719,CN1CCNCC1c1ncc[nH]1,-28.16
720,CN1C(=O)NCC1Cc1ccccc1,-29.52
721,Cc1n[nH]c(C)c1C1CCC(=O)N1,-35.13
722,O=C(O)c1cccc2c1COCC2,-12.39
723,Cc1n[nH]cc1C1CCNCC1,-31.98
724,Cc1nocc1CC(=O)O,-13.66
725,Cc1ncc(N)c(C2CC2)n1,-19.5
726,OCc1nc2ccc(F)cc2o1,-29.08
727,O=C(O)c1cnn(CCF)c1,-12.11
728,Cc1cc(N)c(=O)n(C)c1,-22.27
729,COc1ccc(CN)c(F)c1,-25.08
730,NC(=O)C1CCN(c2nc(C(F)(F)F)cs2)C1,-31.11
731,CC1COC(CO)CN1Cc1ccccc1,-45.86
732,Cc1cc(C(=O)O)c(C)n1C1CCOC1,-33.93
733,Cn1ccnc1-c1cc(N)on1,-27.94
734,C1CCn2c(nnc2C2CCNCC2)C1,-36.28
735,CC1Oc2c(F)cccc2C1N,-29.07
736,OCC1CCc2nnc(C(F)F)n2C1,-41.27
737,CC(C)Oc1ccncc1CO,-30.18
738,CC(C)n1cnc(S(N)(=O)=O)c1,-22.16
739,NS(=O)(=O)c1cnn(CC2CC2)c1,-25.24
740,NS(=O)(=O)c1cnn(CC(F)F)c1,-21.37
741,NC1CCOC2(CCC2)C1,-24.36
742,COc1ccc(-n2c(C)c[nH]c2=O)cc1,-32.87
743,c1cc2c(cn1)ncn2C1CC1,-28.47
744,O=C(c1cccc(F)c1)N1CCNCC1,-33.28
745,NC1CCN(C(=O)c2cccc(F)c2)C1,-31.3
746,O=C(O)C1CCN(Cc2cccc(F)c2)C1,-33.79
747,CCN1CCC2NCCOC2C1,-33.85
748,Cn1cc(-c2cc(N)n(C)n2)cn1,-32.1
749,Cn1ccnc1C(N)c1ccccc1F,-32.78
750,C1CC(c2nc(C3CC3)no2)CN1,-28.93
751,CN(C)c1cnccc1C#N,-25.35
752,COC1(C)CC(O)C1(C)C,-30.04
753,Cc1cncc(NCc2ccncc2)c1,-42.82
754,O=C1CC(C(F)(F)F)CN1,-18.47
755,N[C@H]1CC[C@H](Nc2ccccn2)CC1,-29.85
756,Cc1cccc2c1C(O)CCO2,-34.8
757,O=S1(=O)CC(c2ccc(F)cc2)CN1,-30.32
758,O=C1NCCc2sccc21,-21.48
759,O=C1NCCN1c1ccccc1C(F)(F)F,-32.32
760,O=C1NCCN1Cc1cccnc1,-33.33
761,Cc1ccc(CN2CCCNC2=O)cc1,-32.32
762,O=S(=O)(NC1CCNCC1)c1ccccc1,-19.99
763,Cn1c(CO)nnc1-c1ccc(F)cc1,-33.25
764,COc1cccc2c1CCCC(=O)N2,-39.13
765,FC(F)(F)c1c[nH]c(-c2cccnc2)n1,-28.54
766,O[C@H]1C[C@@H](c2ccccc2)C1,-30.16
767,OCC12CCCN1CCC2,-34.96
768,COc1ccc2c(c1)OCCNC2=O,-32.98
769,NCC1CCc2nccn2C1,-24.37
770,Cn1cc(C(=O)O)c(C2CCC2)n1,-17.13
771,Cc1cnc(CCO)cn1,-16.78
772,OCc1cnn2c1CCCC2,-27.3
773,Cc1cnc(CCO)c(C)c1,-32.06
774,OC1CNC(c2ccc(C(F)(F)F)cc2)C1,-40.85
775,O=C1CCC(C(=O)O)(c2ccccc2)CN1,-25.1
776,O=C1CC(C(=O)O)(c2ccccc2)CN1,-24.27
777,CC1(C)C(=O)Nc2cc(C(=O)O)ccc21,-17.02
778,Cn1ncc(C(=O)O)c1Cc1ccccc1,-26.05
779,CC1(C)CCC(C(=O)O)O1,-12.88
780,COC1CCC(C(=O)O)C1,-17.76
781,O=C(O)Cn1cc(C2CC2)cn1,-17.03
782,O=C1CC(C(F)(F)F)C(C(=O)O)N1,-16.34
783,O=C1CC(Cc2ccccc2)CCN1,-29.67
784,Cn1cc(-c2nc(C(F)(F)F)c[nH]2)cn1,-26.91
785,CC1(C)Oc2ccc(C#N)cc2NC1=O,-30.63
786,O=C1COCC(Cc2ccccc2)N1,-33.68
787,O=C1NCCCC1C1CCCCC1,-33.57
788,CC1(Cc2ccccc2)CCNC1=O,-28.99
789,CC1(C)CNC(=O)CC(C)(C)C1,-29.5
790,O=C1CCC(=O)c2cc(F)ccc2N1,-31.21
791,Fc1ccc(C2NCCc3[nH]cnc32)cc1,-33.08
792,Cc1nsc2nc[nH]c(=O)c12,-26.13
793,CC1(C)C2CCC(=O)NC1C2,-29.2
794,CC(C)N1Cc2ccccc2NC1=O,-36.5
795,N#Cc1ccc(C(F)(F)F)[nH]1,-7.84
796,CNC(=O)C1CCCc2sc(C)nc21,-35.32
797,CNc1nc(C(F)(F)F)co1,-19.48
798,O=C1NCCC1C1CCCCC1,-28.99
799,COc1ccccc1-c1ncccc1N,-33.82
800,NC(=O)c1n[nH]c(Cc2ccccc2)n1,-35.82
801,Nc1cc(C2CCCO2)no1,-31.16
802,CC1(c2cc(N)on2)CCCO1,-29.49
803,Fc1cccc(Cl)c1CCc1nnn[nH]1,-39.25
804,NC(=O)c1c(-c2ccccc2)noc1N,-34.97
805,OCc1ccccc1CC1CCNCC1,-29.59
806,CCC(c1ccccc1)C1CNC(=O)C1,-34.61
807,N#Cc1cc(F)cc(C2(C(=O)O)CC2)c1,-18.95
808,CN1CC(C(=O)O)c2ccccc2C1=O,-21.88
809,O=C(O)CC1OCc2cc(Cl)ccc21,-23.68
810,OC1CCCNC1CCc1ccccc1,-48.02
811,O=C1NCCCNC1Cc1ccccc1,-36.69
812,Nc1nc2cc(C(F)(F)F)ccc2[nH]1,-25.88
813,Cc1cnccc1C(O)c1ccccc1,-35.96
814,NS(=O)(=O)C1CC=CCC1,-24.91
815,CCOc1cncc(CO)c1,-31.57
816,O=C(O)c1cccc(C2CCCOC2)c1,-25.99
817,CCn1c(CO)nc2cc(OC)ccc21,-36.75
818,CCc1csc(-c2c[nH]cn2)n1,-36.05
819,Cn1nc(-c2ccccc2)nc1CC#N,-33.62
820,OCC(O)c1cccc(Cl)c1Cl,-36.93
821,O=C1CC(C2CCCCN2)CN1,-31.84
822,OCc1nccn1C(F)F,-20.44
823,OCc1ccc(OC(F)(F)F)cn1,-34.5
824,O=C(O)C1(Oc2ccccc2F)CC1,-15.07
825,CC1CNc2cc(F)ccc2C(=O)N1,-29.15
826,CCn1cnnc1Nc1ccccc1,-30.94
827,Cc1nn(C)c(C)c1C1COCCN1,-33.4
828,C1COCC2(CCOC2)N1,-28.09
829,Cn1nc(N)c2cnccc21,-24.95
830,NS(=O)(=O)c1ccccc1Cn1ccnc1,-28.56
831,Cc1nn(C)cc1CCO,-32.71
832,CC(O)c1ccc(N(C)C)cn1,-33.89
833,Fc1ccc(-c2cc[nH]n2)nc1,-31.99
834,C[C@@H](O)CN1CCOCC1,-32.94
835,Cc1cc(N2CCC(N)CC2)[nH]n1,-33.07
836,NS(=O)(=O)c1cnc2c(c1)CCC2,-28.19
837,CS(=O)(=O)c1ccc(CO)s1,-21.19
838,O=S1(=O)NCc2cc(F)ccc21,-25.54
839,N#Cc1coc(C(F)(F)F)n1,-17.63
840,Cc1cccc(C(O)c2c[nH]cn2)c1C,-43.18
841,Cc1c(N)cnn1C1CCOC1,-21.77
842,CC1CC(=O)NCC12CCC2,-23.05
843,NS(=O)(=O)c1cn2c(n1)CCCC2,-23.64
844,NC1CCc2nnc(-c3ccccc3)n2C1,-36.59
845,CCc1nn(C)cc1C#N,-25.71
846,CC[C@H](N)c1ccc(F)cc1,-32.59
847,CC[C@@H](N)c1ccc(F)cc1,-29.46
848,CC1(C(=O)O)CNC(=O)C1,-12.68
849,NC1COc2cccc(F)c21,-25.05
850,CC1OCCC1(C)C(=O)O,-8.52
851,COc1ccccc1C(N)c1nccn1C,-36.9
852,CC1CC(C)(C)CNC1=O,-21.11
853,CN1N=C(C2CCCC2)CC1=O,-34.98
854,C[C@H](c1ccccc1)N1CCC(F)(CO)C1,-46.41
855,Cc1nc2cc(C(=O)O)c(F)cc2[nH]1,-22.58
856,C1COCC2(CCOCC2)CN1,-28.89
857,CCc1noc(CC2CCNCC2)n1,-8.22
858,CNC(=O)c1ccc(S(N)(=O)=O)cc1,-30.77
859,O=C1CCCN1C1CCC(O)CC1,-36.36
860,CCOC1CC(O)C12CCOCC2,-39.54
861,COCC1CCCCNC1,-27.97
862,CC(C)n1ncc2c1C(N)CCC2,-27.31
863,COCCN1CCCC(O)C1,-38.89
864,NC(=O)c1ccc(OC(F)F)cn1,-25.57
865,O=c1[nH]c(CO)nc2cc(C(F)(F)F)ccc12,-37.08
866,OCC(c1cccc(F)c1)N1CCNCC1,-39.67
867,CC1(c2cccc(F)c2)CC1N,-35.44
868,OC1(C(F)(F)F)CCNC1,-19.14
869,Cn1cc(C(C)(C)O)nn1,-27.66
870,Cc1cc(N2CCC=C(F)C2)ncn1,-35.42
871,Cc1oc(CO)cc1C(=O)O,-10.46
872,O=C(Nc1ccccc1)C1CCCNC1,-33.9
873,Cc1nc(C(F)(F)F)c(CO)s1,-25.04
874,NCc1ccc(CO)c(F)c1,-26.88
875,OC1CCCN(Cc2ccc(F)cc2)C1,-45.37
876,NCC1(O)CCc2cc(F)ccc21,-30.47
877,Cc1ccc(C(=O)O)c(C(C)C)n1,-27.34
878,O=C1CCC(CO)CCN1,-17.65
879,O=C(O)c1occ2c1CCC2,-13.52
880,O=C(O)c1occ2c1CCOC2,-8.91
881,Cn1cc2cn[nH]c(=O)c2n1,-27.37
882,COC1(CC(=O)O)CCC1,-7.11
883,O=C1COC(C2CC2)CN1,-23.76
884,Cn1nccc1C1CC(N)CCO1,-33.76
885,O=C(O)Cc1[nH]nc2c1CCCC2,-20.71
886,NCCN1CCc2c(Cl)cccc2C1,-40.21
887,Oc1ccnc2c(F)cccc12,-28.3
888,NCc1noc(-c2cccc(F)c2)n1,-36.05
889,CCn1nccc1N1CCCC(N)C1=O,-39.5
890,CNCC1CCc2nccn2C1,-30.76
891,CCn1cc(C2CNCCO2)cn1,-35.69
892,Cc1nc(CN2C[C@@H](F)C[C@H]2CN)cs1,-36.19
893,Cn1nccc1CN1C[C@@H](F)C[C@H]1CN,-34.72
894,Cn1ccnc1CN1C[C@@H](F)C[C@H]1CN,-35.69
895,Nc1nccc2c1CNCC2,-21.69
896,CC(O)c1noc(-c2ccccc2)n1,-35.92
897,Cc1ncccc1C(C)O,-31.71
898,CC(O)c1ccc(C(F)(F)F)cn1,-28.17
899,Cn1ncc(N)c1C(F)(F)F,-19.72
900,CC(C)N[C@@H]1CCCC[C@H]1O,-30.3
901,Cc1onc(OC(F)F)c1N,-21.57
902,NC(=O)C1(N2CCCC2)CCOCC1,-25.08
903,O=C1CN(C2CC2)CCCN1,-27.77
904,CC(C)c1[nH]ccc1C(=O)O,-7.04
905,NCC1CCCCN1C1CC1,-32.43
906,OCc1csc2nccn12,-25.09
907,CC1(C(=O)O)CCC(=O)NC1,-13.61
908,Cc1ccc2c(c1)CC(=O)N2C,-20.03
909,CCOC1CC(C(=O)O)C1,-18.89
910,CC1(C)CC(CC(=O)O)C1,6.56
911,Cc1nc2c([nH]1)CCC(O)C2,-30.15
912,CN1C(=O)CCc2ccc(F)cc21,-29.68
913,CC(C)(O)c1ncccn1,-26.28
914,O=C(O)CN1CCN(C2CC2)C1=O,-23.56
915,c1cnc2c(c1)CNCCC2,-27.9
916,NCc1ccc(F)c(CO)c1,-28.31
917,c1cc2n(c1)CCNC21CCOCC1,-34.09
918,CC1CNc2ccccc2S1=O,-32.04
919,CC(C)c1cc(C(=O)O)no1,-6.05
920,COc1cccc2c(N)c(C)cnc12,-31.6
921,CC1OCCCN(Cc2ccccc2)C1=O,-37.56
922,COC1(CO)CCOCC1,-13.85
923,NS(=O)(=O)c1cnc2ccc(F)cc2c1,-30.37
924,NC(=O)C1CNCCN1C1CC1,-24.23
925,CNC(=O)C1CC=CCC1,-27.06
926,CC(N)c1cc2cc(F)ccc2o1,-17.55
927,O=S(=O)(C1COC1)N1CCC=C(F)C1,-28.52
928,NCC1CN(Cc2ccccc2)CCCO1,-42.19
929,FC(F)CC1COCCN1,-25.7
930,O=C1NCCCc2[nH]ncc21,-23.85
931,c1nc(C2CCNCC2)n2c1CCCC2,-36.34
932,OCc1cc(F)cc(N2CCOCC2)c1,-40.24
933,Cn1ccnc1C1CCCNC1,-28.44
934,CC(C)c1nn(C)cc1C#N,-24.63
935,O=C(O)c1cnn(C2CC2)c1,-8.99
936,Cn1cc(C(=O)O)c2c(c1=O)CCCC2,-25.23
937,NCc1noc(-c2ccc(Cl)cc2F)n1,-35.36
938,COc1ccc(OC)c2c1CNCC2O,-34.0
939,CNCc1nc2ccccc2c(=O)[nH]1,-32.88
940,CCNCC1COc2ccccc2O1,-39.67
941,CCOc1ccc(C(C)N)cc1,-35.28
942,Cn1ncc(N)c1C(F)F,-18.43
943,CC(C)c1nc2c([nH]1)CCC(C(=O)O)C2,-29.95
944,OCC1CN(c2ccccc2)CCO1,-39.36
945,CCc1nc(C)c(CO)o1,-24.35
946,Nc1ccc(CCO)nc1,-28.97
947,Cc1nc2c(F)cccc2[nH]1,-24.29
948,Cn1nnc2c1CCC(N)C2,-26.15
949,c1nc(C2CCCNC2)n2c1CCCC2,-41.13
950,NCc1noc(C(F)(F)F)n1,-23.38
951,Cn1ncc2c1CC(C(=O)O)CC2,-21.69
952,Fc1cccc2c1OCCNC2,-27.84
953,Cc1ccnc2[nH]c(=O)[nH]c12,-22.18
954,O=C(O)C1Cc2ccc(F)cc21,-18.46
955,NCc1ccncc1C(F)(F)F,-19.52
956,O=C(O)Cc1ccc(F)cn1,-12.26
957,OC1CNC(c2ccccc2C(F)(F)F)C1,-40.45
958,Cc1cnc(-c2cnn(C)c2N)o1,-28.37
959,Cc1oc(C#N)cc1C(=O)O,-8.9
960,O=C(O)C1(c2ccccc2)CC(F)(F)C1,-22.34
961,Cn1cc2c(n1)CCCC2C(=O)O,-20.57
962,OCC1CCCC(F)(F)C1,-27.98
963,c1cn(CC2CCCCN2)nn1,-30.94
964,O=C(O)c1ccoc1C1CC1,-10.73
965,N#Cc1ccc(NCCO)cc1,-25.65
966,CNc1ncnc2ccsc12,-23.59
967,COc1ccc(S(C)(=O)=O)cc1,-29.16
968,N[C@H]1C[C@H](c2cc(F)cc(F)c2)C1,-12.16
969,CCn1ncc(N)c1C(F)(F)F,-17.43
970,OCCN1CCCCCC1,-33.18
971,OCCN1CCCC(O)C1,-37.3
972,CC1CCN(CCO)CC1,-35.49
973,NC(=O)N1CCN(Cc2ccccc2)CC1,-42.04
974,CC1CCCN(C(N)=O)C1,-26.73
975,NC(=O)N1CCN(c2ccccc2F)CC1,-35.2
976,CNC(=O)c1ccc2[nH]nnc2c1,-28.72
977,NCc1nccn1C(F)F,-22.31
978,NC1CCCC12CCOCC2,-35.54
979,Cc1cc(C(O)c2cccnc2)nn1C,-40.65
980,Cc1cc(C(O)c2cc(C)n(C)n2)cs1,-38.01
981,Cc1cc(C(O)C2CC2)nn1C,-33.76
982,NCCC1C(=O)Nc2ccc(F)cc21,-25.49
983,OC1CNC(c2cccc(F)c2)C1,-37.97
984,Cn1nccc1C1=CC2CCC(C1)N2,-42.62
985,CC(CN)c1nc2ccccc2n1C(F)F,-27.26
986,O=C(O)c1cc(C2CC2)on1,-10.32
987,NCC#Cc1cccc(F)c1,-33.72
988,CC1(C)NC(=O)CCC1N,-19.71
989,NC(=O)N1CCOc2cccc(F)c2C1,-31.33
990,O=C(O)c1occc1C1CC1,-16.01
991,FC(F)(F)c1cnn(C2CCNCC2)c1,-27.07
992,COc1cc(N2CCNCC2)ccc1F,-37.31
993,O[C@H]1C[C@@H](N2CCCC2)C1,-33.84
994,O=S(=O)(c1ccccc1F)C1CNC1,-24.21
995,COc1ccc2nc(C#N)ccc2c1,-31.39
996,Nc1ccc(C(F)(F)F)[nH]c1=O,-26.27
997,c1cc(C2CCCCN2)n[nH]1,-31.93
998,O=C(O)c1ocnc1C1CC1,-12.41
999,CN1CCC2OCCNC2C1,-33.96
1000,CC1(C)CNCC(COc2ccccc2)O1,-45.78
1001,Cn1cc(C(F)(F)F)nc1C1CCCNC1,-34.55
1002,OCC1CNCCC1C(F)(F)F,-19.72
1003,CC(N)c1nccn1-c1ccccc1,-36.69
1004,OCCc1nnc(-c2ccccc2)o1,-37.32
1005,O=C1CC(C(F)(F)F)C2(CCOCC2)CN1,-33.2
1006,CC1CNC(=O)CN(C2CC2)C1,-36.72
1007,N[C@H]1CC[C@H](NCc2cccnc2)CC1,-32.38
1008,NCc1nccc(C(F)F)n1,-22.42
1009,O=C(O)c1cc[nH]c1C1CCC1,-19.88
1010,CC(C)n1ncc(Cl)c1C(=O)O,-16.29
1011,Cc1cn(CC(=O)O)nc1C(F)(F)F,-17.38
1012,O[C@H]1C[C@@H](c2ccccc2F)C1,-29.66
1013,Cc1nn(C)c(C)c1C(=O)O,-27.27
1014,COc1ccc(C#N)cn1,-21.71
1015,c1cnc2c(c1)NCCC2,-30.64
1016,O=C1NC(C2CCCO2)C12CCC2,-33.84
1017,NC(C1CCCO1)C1(CO)CCC1,-29.02
1018,Nc1cnn(-c2ccccc2)c1C(F)(F)F,-27.22
1019,N#Cc1ccc(CNC2CC2)c(F)c1,-37.48
1020,Cc1nc(C(C)C)oc1CO,-26.02
1021,NC(=O)NC1COc2ccc(F)cc2C1,-34.11
1022,CC(O)CN1Cc2ccccc2C1=O,-36.35
1023,N#Cc1ccc(N2CC(C(F)(F)F)C2)nc1,-30.61
1024,CC1(C)CNC1c1cccnc1,-33.9
1025,Cn1cc(CO)c(C(F)F)n1,-21.07
1026,NC(=O)Cc1ncc(C(F)(F)F)cc1Cl,-31.99
1027,O=C(O)C1CCC(C(F)(F)F)N1,-16.39
1028,Cc1c(C(=O)O)cnn1C,-10.62
1029,NC(=O)C1(c2ccncc2)CCCCC1,-38.54
1030,NC1CC(=O)N(c2ccccc2F)C1,-31.84
1031,NCC1OCCc2sc(F)cc21,-23.45
1032,CCNc1ccc(C#N)cn1,-27.77
1033,CC1CC(O)c2nccn21,-29.88
1034,NCCc1nnc2n1CCCCC2,-29.62
1035,c1ccc2[nH]c(C3CCCNC3)nc2c1,-34.03
1036,Cn1ccc(C(=O)O)c1C1CCC1,-32.62
1037,Cc1cc(C(=O)O)[nH]c(=O)c1,-11.13
1038,C1CCc2nnc(C3CCCNC3)n2CC1,-39.85
1039,C[C@H](N)c1ccc(-n2cccn2)c(F)c1,-39.04
1040,O=S1(=O)CC(CO)c2ccccc21,-31.2
1041,OCC1CCCCC1(F)F,-18.41
1042,CC(C)C1CNCCCO1,-20.02
1043,CC1C(O)CCCN1Cc1ccccc1,-45.75
1044,NC1CCCc2c(F)cccc21,-32.24
1045,Cn1c(C(=O)O)c2n(c1=O)CCCC2,-32.15
1046,NCC1CCCCC1(F)F,-16.66
1047,CCn1nc(C)c(CO)n1,-30.75
1048,CCn1nnc(C)c1CO,-30.31
1049,O=C1CC(CO)(c2ccccc2)CN1,-36.81
1050,NCC1(CF)CCOCC1,-25.94
1051,O=C1CC(CO)(c2ccccn2)CN1,-35.94
1052,Nc1ncn(-c2ccc(F)cc2)n1,-28.82
1053,Cc1cc(F)c(CC(=O)O)cc1F,-16.4
1054,CC1(CO)CCC(=O)NC1,-35.78
1055,O=C1CCC(CO)(c2ccccc2)CN1,-35.09
1056,CN(C)c1ccc(N)cn1,-27.81
1057,OCc1nc2ccccc2n1C(F)F,-22.71
1058,NC1CCN(C2CC2)CC1,-32.87
1059,Cc1nc(C(F)(F)F)n[nH]1,-19.23
1060,NCCc1ccc(F)cn1,-20.93
1061,Cc1cccc2c1C(O)C(=O)N2,-28.38
1062,Cn1ccc([C@@H]2C[C@H]2C(=O)O)c1,-18.39
1063,Nc1nccn1Cc1ccccc1F,-35.93
1064,NCc1ccc(-n2ccnc2)cc1,-31.69
1065,CNC(=O)c1ccc(-n2cncn2)cc1,-37.68
1066,Cn1ccnc1C1CC(N)CCO1,-27.76
1067,NC(=O)c1ccc2c(n1)NCCC2,-27.26
1068,Cc1nocc1CN1CCCC(C)(F)C1,-39.17
1069,Cn1c(=O)n(CC(=O)O)c2ccccc21,-22.27
1070,CC1(F)CCCN(Cc2cnns2)C1,-35.84
1071,FC(F)(F)C1CCNCC12CCOCC2,-22.62
1072,CNCc1ccc(OC)c(F)c1,-34.32
1073,COc1ccccc1CN1CCNCC1,-35.17
1074,O=C1CCC(C(F)(F)F)CN1,-18.53
1075,O=C(CO)N1CCCCCC1,-19.57
1076,CC1CCCN(C(=O)CO)C1,-21.43
1077,Cc1cccc(-c2nnc(CO)o2)c1,-36.87
1078,O=c1cc(CO)nc2sccn12,-26.77
1079,CC(N)c1ccc2c(c1)NC(=O)CO2,-36.13
1080,O=C(NCc1cccs1)C1CCNCC1,-30.45
1081,O=C(c1ccc(F)cc1)N1CCNCC1,-32.79
1082,COc1ccccc1C(=O)N1CCNCC1,-30.21
1083,O=C(CCc1ccccc1)N1CCNCC1,-40.25
1084,O=C(Cc1ccc(F)cc1)N1CCNCC1,-29.58
1085,O=C(Cc1ccccc1F)N1CCNCC1,-38.56
1086,O=C(c1ccc(F)cc1Cl)N1CCNCC1,-33.39
1087,O=C(c1ccncc1)N1CCCNCC1,-33.14
1088,O=C(c1ccccc1F)N1CCCNCC1,-35.48
1089,O=C(C1CCCC1)N1CCCNCC1,-32.28
1090,O=C(c1cccc(F)c1)N1CCCNCC1,-35.24
1091,c1csc(N2CCCNCC2)n1,-31.26
1092,NCCN1CCc2ccccc2C1,-39.82
1093,Cc1ccccc1-c1cc(N)n(CCO)n1,-36.41
1094,Cn1ncc2c1CCCNC2=O,-19.3
1095,CN1CC[C@H](CN)[C@H]1c1cccnc1,-27.42
1096,O=C(O)Cc1cccc(C2CC2)c1,-25.87
1097,CC(N)c1noc(C(F)(F)F)n1,-25.62
1098,CCn1cc([C@@H]2OCC[C@H]2CN)cn1,-34.87
1099,Cc1nn(C)c(C)c1[C@@H]1OCC[C@H]1CN,-14.25
1100,N[C@@H]1CCC(=O)N[C@H]1c1ccccc1,-31.28
1101,O[C@]12CCCC[C@H]1CNCC2,-27.05
1102,O[C@@H]1CCC[C@H]1N1CCNCC1,-34.81
1103,CN1CCN(C(N)=O)C(c2ccccc2)C1,-36.34
1104,c1ccc(CN2CCO[C@H]3CNC[C@H]32)cc1,-37.12
1105,CN1CCO[C@H]2CNC[C@H]21,-23.5
1106,CN1C(=O)C[C@H](CN)[C@H]1c1ccccc1,-26.29
1107,OC[C@H]1CNCC[C@H]1c1ccccc1,-35.28
1108,C[C@@H]1NC(=O)CO[C@H]1c1ccccc1,-29.79
1109,Cn1ccnc1C1CCNC1,-27.35
1110,c1nc(C2CCNCC2)cs1,-29.56
1111,CC(N)c1nc(C(F)(F)F)no1,-24.05
1112,NCc1nccc(C(F)(F)F)n1,-24.69
1113,O=C(O)[C@H]1COCC[C@H]1c1ccccc1,-11.82
1114,c1nc2c([nH]1)C1(CCC1)NCC2,-24.42
1115,O=C1CNCCN1C1CC1,-26.17
1116,O=c1[nH]nc2c(c1C(F)(F)F)CCC2,-27.12
1117,Cc1cc(C(F)(F)F)c(=O)[nH]n1,-20.18
1118,O=C(CC1CCNCC1)NC1CCCC1,-28.81
1119,COc1ccc(F)cc1C(=O)O,-23.51
1120,Cc1cc(-c2nnn[nH]2)ccc1F,-12.5
1121,NCC(O)C1CCCCC1,-31.61
1122,O=C(NCC1CCCCN1)c1ccccc1,-43.6
1123,CNC1CCCCNC1=O,-24.26
1124,N#Cc1cc2c([nH]c1=O)CCOC2,-25.17
1125,CN1CCC(O)(Cc2ccccc2Cl)CC1,-41.35
1126,O=C1NCCCN2CCCC12,-26.64
1127,O=C1NCCOc2ccccc21,-24.08
1128,O=C(O)CC1CCC(=O)N1,-16.17
1129,CNCc1nnc2ccccn12,-23.55
1130,OC(c1ccccc1)C1CCNCC1,-36.01
1131,N#Cc1cnn2c(C(F)(F)F)ccnc12,-25.31
1132,O=C(O)Cc1cnn(-c2ccccc2)c1,-25.65
1133,OCc1cnn2c1CCC2,-27.67
1134,NCc1nc(C(F)F)no1,-22.72
1135,NCc1ccc(C(=O)N2CCOCC2)cc1,-32.54
1136,CNc1nc2ccccc2o1,-21.06
1137,N#CCc1nc2ccccc2n1C(F)F,-26.78
1138,O=C(O)c1ccc(C(F)(F)F)cn1,-9.32
1139,Cc1cc2n(n1)C(C(F)(F)F)CCN2,-26.7
1140,Oc1ncccc1C(F)(F)F,-16.58
1141,O=C(O)c1cc2cc(F)ccc2[nH]1,-18.32
1142,Cc1ccc2[nH]c(C(=O)O)cc2c1,-17.09
1143,O=C(Nc1ccc(F)cc1)N1CCNCC1,-39.64
1144,N#Cc1ccc(Cn2cncn2)cc1,-35.63
1145,Cc1occc1-c1nnc(N)o1,-27.4
1146,CNCc1nccn1C(F)F,-23.31
1147,CN1CCN(C2CCCC2O)CC1,-38.69
1148,NC1=NCc2ccccc21,-27.34
1149,CC(C)(O)c1nc2ccccc2[nH]1,-30.31
1150,O=C(C1CC1)N1CCCNCC1,-30.07
1151,CC(NC1CC1)c1cccnc1,-35.14
1152,C1CC(CNC2CC2)CO1,-32.2
1153,CNC(C)c1ccc(OC)cc1,-36.6
1154,NCc1cccc(Cn2ccnc2)c1,-35.7
1155,NCc1ccc(CN2CCC(O)CC2)cc1,-41.53
1156,NCc1ccccc1CN1CCC(O)CC1,-40.3
1157,CC(C)c1cc(C(=O)O)n[nH]1,-13.1
1158,Nc1ccnn1Cc1ccc(F)cc1,-30.99
1159,Nc1ccnn1CC1CCOC1,-26.23
1160,Cc1cccc(C(CN)N2CCOCC2)c1,-32.69
1161,O=C1Nc2ccccc2CCC1O,-38.74
1162,N#Cc1ccc(F)c(Cn2ccnc2)c1,-37.43
1163,CC1=Nc2ccccc2C12CCNCC2,-34.01
1164,COCCN1CCNC[C@H]1C,-28.25
1165,CC1(C)OCC2CC21C(=O)O,-13.8
1166,CC[C@@H]1CC[C@H](C)NC1=O,-21.56
1167,CC(C)c1noc([C@]23CCC[C@H]2CNC3)n1,-29.81
1168,Cn1nccc1C1COCCN1,-28.49
1169,CC[C@H]1CC[C@H](C)NC1=O,-29.0
1170,COc1ccc(N)c(C(F)(F)F)n1,-25.16
1171,c1c[nH]c(C2CCOC2)n1,-30.22
1172,O=C(O)C12OCCCC1C2(F)F,-14.48
1173,Nc1nnc(Cc2ccccc2)s1,-36.58
1174,OC1CCNC12CCCCC2,-35.35
1175,O=C(O)C1(C2CCCC2)CCNC1=O,-21.75
1176,O=C(NCc1cccnc1)C1CCCN1,-39.46
1177,O=C(C1CCC1)N1CCCc2ncccc21,-40.68
1178,O=c1[nH]nc(C2CC2)cc1C(F)(F)F,-27.97
1179,Cc1ncc2c(n1)CCC(N)C2,-30.31
1180,O=C(O)c1cccnc1C(F)(F)F,-14.46
1181,NCCc1cc(C(F)(F)F)ccn1,-22.63
1182,O=c1[nH]ccc2c1NCCC2,-28.86
1183,Cc1cc(C(F)F)oc1C(=O)O,-4.54
1184,CCOc1ccc(N)nc1C,-27.57
1185,OC[C@@H]1Cc2ccccc2CO1,-32.59
1186,CC1(C)CC(=O)NCCN1,-19.68
1187,Cc1c([C@@H]2OCC[C@H]2N)cnn1C,-28.98
1188,CCC1(N2CCOCC2)CCNCC1,-16.28
1189,O=C(O)c1cc(C2CC2)[nH]c1C1CC1,-26.02
1190,C[C@@H]1C[C@H](C)n2ncnc2N1,-28.24
1191,Cn1ccc(-c2nc(C#N)cs2)n1,-30.44
1192,CNCc1cnn(-c2ccccc2)c1,-35.16
1193,Cc1nc(CN)c2ccccn12,-24.8
1194,CN(C)c1cc(CN)ccn1,-28.48
1195,CC(CN)N1CCOCC1,-27.01
1196,CC1CCCCN1CCN,-35.79
1197,NCCOc1ccc2c(c1)CCC(=O)N2,-36.55
1198,CC(N)CN1CCOCC1,-22.24
1199,CC(N)CN1CCCCC1,-35.77
1200,NC(CN1CCCC1=O)c1ccccc1,-34.41
1201,NC(Cn1cccn1)c1ccccc1,-31.94
1202,NC(Cn1cncn1)c1ccccc1,-36.73
1203,Cc1ccc(C(N)Cn2ccnc2)c(C)c1,-40.8
1204,Cc1csc(N2CCCNCC2)n1,-33.77
1205,O=C(O)CN1C(=O)CCc2ccccc21,-22.55
1206,NC[C@@H]1CCO[C@H]1c1ccc(F)cc1,-26.76
1207,NCCc1nccn1C(F)F,-22.49
1208,NS(=O)(=O)c1ccc2c(c1)CCCC(=O)N2,-35.66
1209,Cc1n[nH]c(N)c1-c1ccc(F)cc1,-32.51
1210,CCn1nc(C)c(N)c1C,-23.93
1211,CC1Cc2cc(CO)ccc2O1,-35.88
1212,O=C(O)c1ccc(Cn2cc(Cl)cn2)o1,-25.24
1213,CCn1ccc(C(=O)O)n1,-0.87
1214,Cc1c(Cl)c(C(=O)O)nn1C,-6.33
1215,CCn1cc(C(=O)O)c(C)n1,-5.35
1216,Cn1cc(Cl)c(C(=O)O)n1,-13.11
1217,CCn1ncc(Cl)c1C(=O)O,-17.77
1218,Cc1nn(C)cc1C(=O)O,-8.4
1219,CCn1nc(C)c(CN)c1C,-25.16
1220,CCn1nccc1C(=O)O,-5.9
1221,Cc1nn(C)c(C)c1CN,-23.69
1222,Cc1ncc(CC(=O)O)s1,-15.85
1223,Oc1nccc(C(F)(F)F)n1,-16.89
1224,CNCc1ccc(OC)cc1,-32.35
1225,NCc1ccc(N2CCNC2=O)cc1,-32.67
1226,Cc1cccc(NC(=O)Cn2cncn2)c1,-31.54
1227,CC(N)c1ccc(NC(=O)C2CC2)cc1,-37.35
1228,O=C(NC1CCNCC1)C1CCC1,-32.17
1229,Cc1ccccc1C(=O)NC1CCNCC1,-45.51
1230,Cc1occc1C(=O)NC1CCNCC1,-36.24
1231,O=C(NC1CCNCC1)c1ccc(F)cc1,-37.08
1232,OCCc1c[nH]nc1C(F)(F)F,-28.11
1233,COc1ccccc1C1CCCN1,-39.01
1234,c1coc(C2CCCN2)c1,-31.51
1235,CN(C)c1ccc(C#N)cn1,-29.45
1236,CNC(C)c1ccccc1OC,-29.71
1237,c1ccc(C2=NCCN2)cc1,-32.8
1238,NCC(c1ccccc1F)N1CCOCC1,-31.45
1239,O=C(NC1CCCNC1)c1ccccc1,-41.02
1240,O=S(=O)(NC1CCCNC1)c1ccccc1,-33.96
1241,NCC(c1ccccc1)N1CCOCC1,-33.51
1242,NC1CCN(Cc2ccccc2F)CC1,-37.02
1243,O=C(c1c(F)cccc1Cl)N1CCNCC1,-30.88
1244,O=C1CCc2ccc(F)cc2N1,-28.25
1245,O=C(Cc1ccccc1)N1CCNCC1,-37.79
1246,O=C(Cc1ccccc1)NC1CCNCC1,-37.27
1247,Nc1nnc(-c2c(F)cccc2Cl)o1,-31.47
1248,CC(C)Cc1nnc(N)o1,-15.96
1249,Nc1nnc(CC2CCCC2)o1,-21.21
1250,Nc1nnc(Cc2ccc(F)cc2)o1,-29.78
1251,Nc1nnc(Cc2ccccc2F)o1,-32.24
1252,Nc1nnc(Cc2cccc(F)c2)o1,-30.62
1253,O=C(Nc1nccs1)C1CCCNC1,-29.83
1254,CNc1ccccc1S(C)(=O)=O,-28.05
1255,Cc1nn(C)c(C)c1CC(N)=O,-31.58
1256,NC(=O)Cc1csc(-c2ccco2)n1,-32.35
1257,CC(=O)N1c2ccccc2CCC1C,-33.12
1258,FC(F)(F)c1cnc(C2CCNCC2)[nH]1,-30.86
1259,NCc1cc(F)cc(F)c1,-23.43
1260,O=C1NCCCC1C(F)(F)F,-17.73
1261,O=C1CCCc2cc(C(=O)O)ccc2N1,-32.0
1262,CN1CCC[C@@H](CN)[C@@H]1c1cnn(C)c1,-28.49
1263,CN(C)c1cc(C#N)ccn1,-25.35
1264,N#Cc1ccc(F)c(CN2CCCC2=O)c1,-34.48
1265,N#Cc1cccc(CN2CCCC2=O)c1,-30.01
1266,N#Cc1ccc(Cn2cncn2)c(F)c1,-27.6
1267,Cc1nccn1Cc1cccc(C#N)c1,-31.32
1268,COCc1ccccc1C#N,-31.96
1269,COCc1cccc(C#N)c1,-31.47
1270,NCC(O)c1ccc(Cl)cc1,-33.74
1271,NC1CCN(C2CCCCC2)CC1,-38.19
1272,CN1CCC(C(=O)O)CC1=O,-28.18
1273,Cn1ccc(C(=O)O)cc1=O,-16.74
1274,Fc1ccc(C2CNCCO2)cc1,-28.73
1275,NC(=O)C1CCc2ccccc2N1,-33.4
1276,O=S(=O)(Nc1ccccc1)C1CCCNC1,-32.91
1277,Cc1cc(C2CCCN2)no1,-30.49
1278,O=S(=O)(NC1CC1)c1ccc(F)cc1Cl,-26.73
1279,NCC1CC(=O)Nc2ccccc21,-30.34
1280,CC(C)NC1CCOCC1,-28.99
1281,CC(N)c1cccc(N2CCNC2=O)c1,-40.19
1282,c1cc(CC2CCNCC2)[nH]n1,-34.12
1283,OCCNc1ccc2ccccc2n1,-32.52
1284,CN1CCN(C(=O)C2CCCO2)CC1,-37.68
1285,Cc1cc2nccc(C(F)(F)F)n2n1,-23.61
1286,O=C(O)C1CCC(C(F)(F)F)CC1,-8.92
1287,NC(=O)c1cccc2c1CCCN2,-31.86
1288,Cc1cc2n(n1)CC(C(F)(F)F)CN2,-27.71
1289,C1CCC(CN2CCOCC2)NC1,-36.88
1290,NCc1cnn(Cc2ccccc2)c1,-32.58
1291,CC1NCCn2c(C(=O)NC3CC3)ccc21,-40.52
1292,O=C1CCC(C(=O)O)CN1,-9.66
1293,CN(C)c1ncc(CN)n1C,-25.91
1294,C1CCC(COC2CCNCC2)OC1,-34.25
1295,C1COC(COC2CCNCC2)C1,-37.35
1296,COCCn1cc(N)cn1,-25.84
1297,Cc1cccc(NC(=O)C2CCNCC2)n1,-24.47
1298,CNC(=O)c1ccccc1,-27.76
1299,Cn1cc(-c2cccc(CN)c2)cn1,-36.88
1300,N#Cc1ccc(C(=O)NC2CC2)cc1,-30.08
1301,NS(=O)(=O)c1cccc(C(=O)NC2CC2)c1,-32.57
1302,NCc1cccc(-n2ccnc2)c1,-26.65
1303,Cc1cn2c(n1)CNCC2,-26.43
1304,CC(N)c1ccc(-n2ccnc2)cc1,-37.38
1305,CC(N)c1ccc2[nH]c(=O)[nH]c2c1,-29.66
1306,CCN1CCCCC1CN,-27.44
1307,NCC1CCCN(Cc2cccnc2)C1,-34.62
1308,O=C1CCc2cc(F)ccc2N1,-30.92
1309,NCC(O)c1ccccc1F,-30.51
1310,Nc1nc(C(F)(F)F)cs1,-18.9
1311,Nc1ccc(N2CCCCC2)cn1,-37.56
1312,COCCn1nc(C)c(N)c1C,-34.31
1313,OCCOC1CCNCC1,-9.22
1314,CC(N)c1cc(F)ccc1N1CCOCC1,-33.94
1315,CC(N)c1ccc(N2CCOCC2)cc1,-38.63
1316,CC(N)c1ccccc1N1CCOCC1,-33.16
1317,COc1ccc(F)cc1C(C)N,-32.46
1318,COc1cccc(F)c1C(C)N,-33.36
1319,Nc1nnc(-c2c(F)cccc2Cl)s1,-36.37
1320,O=S(=O)(NC1CC1)c1cccnc1,-29.36
1321,CC(C)Nc1cccnc1,-30.5
1322,COc1ccccc1NC1CCN(C)CC1,-38.25
1323,CCC(N)c1ccc(F)cc1F,-29.11
1324,CC(C)c1nccn1CC(=O)O,-15.48
1325,O=C1Nc2ccc(F)cc2C1O,-28.9
1326,CC(C)Oc1cccc(CO)c1,-33.74
1327,CNc1ccc(S(C)(=O)=O)cc1,-28.27
1328,OCCNc1ccc(F)c(F)c1,-28.12
1329,NCc1ccccc1-n1ccnc1,-30.17
1330,COc1ccccc1-c1cc(N)on1,-34.95
1331,Nc1cc(-c2cccc(F)c2)no1,-33.3
1332,Nc1cc(-c2ccccc2F)no1,-33.92
1333,CCc1[nH]ncc1C(=O)O,-14.21
1334,CC(C)c1[nH]ncc1C(=O)O,-8.79
1335,CS(=O)(=O)c1ccc(C(N)=O)cc1,-25.73
1336,CS(=O)(=O)c1cccc(C(N)=O)c1,-25.88
1337,NC(=O)C1COc2ccccc2O1,-29.71
1338,NC(=O)Cc1ccc(Cl)cc1,-28.75
1339,NC(=O)C1CC(=O)N(Cc2ccccc2)C1,-36.95
1340,NC(=O)Cc1cccc(C(F)(F)F)c1,-28.4
1341,NC(=O)c1ccc(OC(F)F)cc1,-27.86
1342,NC(=O)CC1CCCCC1,-11.79
1343,CCNc1ccc2[nH]c(=O)[nH]c2c1,-29.95
1344,Cc1nn(C2CCCCC2)c(C)c1N,-31.51
1345,O=c1c2sccc2ncn1CCO,-31.91
1346,Cn1ncc2c1CCCC2N,-27.74
1347,Cn1cc(C(=O)NCC2CCNCC2)cn1,-37.98
1348,Cn1nc(C2CC2)cc1N,-22.5
1349,Fc1ccc(-c2cc[nH]n2)cc1,-34.18
1350,CN(C)Cc1cccc(CO)c1,-39.22
1351,OCc1cnc(-c2ccccc2)s1,-40.52
1352,Cc1c(C(C)N)cnn1C,-28.16
1353,NCC(O)c1ccc(Cl)cc1Cl,-33.56
1354,CC1CCc2onc(C(=O)O)c2C1,-26.61
1355,NCC1(c2cccc(F)c2)CCOCC1,-32.18
1356,CP(C)(=O)c1ccc2c(c1)NCCC2,-37.08
1357,O=C(O)C(c1ccccc1)N1CCCC1,-34.6
1358,c1nc(CN2CCNCC2)cs1,-29.2
1359,Cn1cc(CN2CCNCC2)cn1,-35.44
1360,O=C(O)CC1CCOc2ccccc21,-29.84
1361,COc1ccc(CN)cc1F,-27.75
1362,Cn1cc(C(=O)O)ccc1=O,-9.55
1363,CNc1ncccc1C(N)=O,-25.15
1364,Fc1ccccc1CNc1ccncc1,-34.85
1365,c1cc(NCC2CCCO2)ccn1,-34.11
1366,CN(C)c1ccncc1N,-22.76
1367,Cc1nccn1-c1ccncc1N,-27.01
1368,NC(=O)N1CCC[C@H]1C(=O)O,-10.34
1369,CCOc1ccc([C@@H](C)O)cc1,-35.64
1370,CC(C)Cc1cc(N)[nH]n1,-25.39
1371,CC(C)Cc1cc(N)on1,-25.37
1372,Nc1cc(CC2CCCC2)no1,-32.78
1373,Nc1cc(C2CCCC2)no1,-29.19
1374,Nc1cc(CCc2ccco2)no1,-35.74
1375,O=c1n(CCO)nc2ccccn12,-37.56
1376,Cc1nc(-c2ccc(CC(=O)O)cc2)cs1,-26.81
1377,Cc1cc(N)n(-c2ccccc2F)n1,-34.02
1378,O=C(O)Cc1ccccc1C(F)(F)F,-17.49
1379,O=C(O)Cc1ccc(F)c(Cl)c1,-21.8
1380,O=C1NCc2ccccc21,-28.03
1381,NCc1ccc(-n2ccnc2)c(F)c1,-29.14
1382,Nc1nnc(C(F)F)s1,-21.41
1383,CN(C)Cc1nc(CO)cs1,-34.45
1384,NC1CCN(Cc2cccs2)CC1,-36.74
1385,NC(=O)c1ccc2ncccc2c1,-31.1
1386,COc1cc(F)c(C(C)N)cc1OC,-36.35
1387,Cc1ccc(C(O)CN)o1,-30.81
1388,O=C(O)c1cc(Cl)cc2cccnc12,-23.6
1389,OC[C@H]1CC[C@@H](C(F)(F)F)N1,-22.67
1390,Cc1cnn(Cc2ccccc2F)c1N,-37.46
1391,Cc1ccc(-c2cc(C(=O)O)on2)cc1,-24.87
1392,CC(C)n1c(N)nc2ccccc21,-26.47
1393,O=C(O)c1cc(-c2ccc(F)cc2)[nH]n1,-19.24
1394,NC(=O)CC1CCCCN1,-25.97
1395,NC[C@H]1CCC2(CCOCC2)[C@H]1O,-24.61
1396,C[C@H]1C[C@@H](C(=O)O)CC(=O)N1,-27.71
1397,O=C(O)C1CCN(C(=O)NC2CC2)CC1,-18.73
1398,COCCc1cc(N)on1,-25.89
1399,Nc1cc(C(F)(F)F)no1,-14.41
1400,Cn1ccnc1C(N)C1CC1,-26.73
1401,CCC(N)c1c(C)nn(C)c1C,-29.24
1402,Cn1cc(-c2csc(N)n2)cn1,-29.83
1403,Cc1ccc(-c2nn(C)cc2C(=O)O)o1,-28.8
1404,Cn1cc(C(=O)O)c(-c2ccco2)n1,-22.95
1405,COc1cc2c(cc1OC)CC(=O)NCC2,-34.66
1406,CC(C)c1ncc(N)cn1,-27.38
1407,CC(C)Cc1ncc(N)cn1,-23.8
1408,Nc1cnc(C2CC2)nc1,-24.25
1409,CC(C)Cc1nc(C(=O)O)cs1,-26.52
1410,CCc1nc(CC(=O)O)cs1,-21.52
1411,C1CNCC(c2nnc3n2CCC3)C1,-33.2
1412,Cc1n[nH]c(C(C)C)c1C(=O)O,-18.34
1413,Cc1ncccc1OC1CCNC1,-27.22
1414,O=C(O)c1cc(C(F)(F)F)c[nH]c1=O,-19.55
1415,OC(c1ccc(F)cc1)C1CCNCC1,-35.85
1416,OC(c1ccc(Cl)cc1)C1CCNCC1,-39.54
1417,NC(CO)c1ccccc1,-31.07
1418,Cc1ccc(C(CN)N2CCOCC2)s1,-29.61
1419,NCCOc1cccc(F)c1,-27.31
1420,CC[C@H]1C[C@@H](C(=O)O)CC(=O)N1,-29.31
1421,Nc1cnc(Cc2ccc(F)cc2)nc1,-34.42
1422,Cc1nc(C(C)C)sc1C(=O)O,-21.59
1423,Cn1cc(CC(=O)O)cn1,-8.76
1424,NC1CCCS(=O)(=O)c2ccccc21,-28.95
1425,CCc1nc(C)c(C(=O)O)s1,-15.4
1426,CC1(c2ccc(F)cc2)CC(=O)NC1=O,-37.43
1427,CC1CCC2(CC1)CC(=O)NC2=O,-26.7
1428,OCc1ccc2c(c1)CCC2,-28.5
1429,CCc1ncc(C(=O)O)s1,-2.67
1430,Cc1c(C(F)(F)F)nn(C)c1N,-23.13
1431,Cn1nc(-c2ccc(F)cc2F)cc1N,-32.11
1432,Cc1ccccc1-c1cc(N)n(C)n1,-34.75
1433,Cn1nc(-c2cc(F)cc(F)c2)cc1N,-38.76
1434,Cc1ccc2c(C(=O)O)c[nH]c2c1,-15.88
1435,O=C(O)c1c[nH]c2cc(Cl)ccc12,-15.69
1436,CS(=O)(=O)c1ccccn1,-22.73
1437,CNCc1scnc1C,-23.62
1438,Cc1ccc(S(N)(=O)=O)c(F)c1,-26.32
1439,NS(=O)(=O)c1ccccc1OC(F)F,-25.39
1440,O=C(O)CN1C(=O)CCCc2ccccc21,-19.56
1441,Cc1n[nH]c(C2CCCCC2)n1,-35.66
1442,O=C(O)c1ccc2cc[nH]c2c1,-11.08
1443,NC(=O)c1c[nH]nc1-c1ccccc1,-32.94
1444,Fc1ccc(C2CNCCO2)cc1Cl,-37.77
1445,FC(F)(F)c1cccc(C2CNCCO2)c1,-37.05
1446,Fc1cccc(C2CNCCO2)c1,-33.11
1447,FC(F)(F)c1ccccc1C1CNCCO1,-33.21
1448,FC(F)Oc1cccc(C2CNCCO2)c1,-33.99
1449,FC(F)Oc1ccc(C2CNCCO2)cc1,-38.75
1450,FC(F)(F)c1ccc(C2CNCCO2)cc1,-32.19
1451,Cc1cc(CO)c2ccccc2n1,-35.58
1452,NS(=O)(=O)c1cccc2ncccc12,-29.17
1453,CC1(C)COC(c2cccc(F)c2)CN1,-35.46
1454,CN1C(=O)CC(C)(C(=O)O)c2ccccc21,-26.78
1455,NC1CCc2nccn2C1,-27.36
1456,Cc1cn2c(n1)CCC(N)C2,-25.09
1457,O=C(O)c1cnoc1C1CC1,-13.31
1458,CCc1oncc1C(=O)O,-11.96
1459,CNC1CCCc2c1cnn2C,-32.67
1460,c1cc(C2CCCCCN2)ccn1,-39.43
1461,c1ccc(-n2ncc3c2CCNC3)cc1,-39.71
1462,CC(N)C1CCN(C)CC1,-20.99
1463,OCc1cc(F)ccc1-n1cncn1,-32.84
1464,Cc1nccn1-c1ccc(F)cc1CN,-35.81
1465,COCCN1CCC(N)C1,-30.26
1466,NC(=O)c1cccc2[nH]ccc12,-21.39
1467,COC1CCN(CCN)CC1,-32.77
1468,COC1CCN(C2CCCCC2N)CC1,-39.36
1469,NC1CCCc2c1cnn2CCO,-28.97
1470,Cc1cc(C2CCCN2)on1,-26.47
1471,C1CC2(CCN1)CCOCC2,-25.89
1472,COCc1n[nH]c(N)c1-c1ccccc1,-36.33
1473,NCC1(O)CCCCCC1,-34.69
1474,Cc1ncsc1C(=O)Nc1ccccn1,-36.52
1475,O=c1[nH]c2ccccc2c(=O)n1CCO,-31.36
1476,CCC1CCNC(=O)CC1,-22.2
1477,O=C1CCC(c2ccccc2)CCN1,-30.14
1478,O=C1Cc2cc(C(=O)O)c(Cl)cc2N1,-19.85
1479,O=C(c1cc(Cl)ccc1F)N1CCNCC1,-36.7
1480,CCC(N)c1nnc2n1CCCCC2,-37.64
1481,CC1C(=O)Nc2ccccc21,-29.17
1482,CNC(c1ccc(F)cc1)c1cccnc1,-31.03
1483,CNC(C)c1cnn(C)c1,-26.57
1484,CNC(c1cccc(F)c1)c1cnn(C)c1,-42.16
1485,CCN1CCC(C(C)O)CC1,-35.02
1486,CC(O)c1c(F)cccc1-n1cccn1,-31.27
1487,CC1CN(CCO)CCO1,-32.62
1488,OCCN1CCc2ccccc2C1,-39.46
1489,O=C1CCCCCN1CCO,-27.41
1490,O=C1CCCCN1CCO,-22.59
1491,O=C1CCc2cc(OCCO)ccc2N1,-33.69
1492,CS(=O)(=O)c1cccnc1,-22.75
1493,Nc1nc2cnccc2s1,-24.45
1494,O=C(O)c1ccc(F)cn1,-9.62
1495,Cc1nnc(N)c2ccccc12,-29.11
1496,c1cc2sccc2c(N2CCNCC2)n1,-35.51
1497,NC1CS(=O)(=O)c2ccccc21,-24.43
1498,NCC1CS(=O)(=O)c2ccccc21,-27.36
1499,NS(=O)(=O)c1cccc2c1CCNC2,-32.68
1500,O=C(O)C1CC=CCC1C(=O)NC1CC1,-36.28
1501,Cc1nn(-c2ccccc2F)c(C)c1N,-31.04
1502,Fc1ccccc1CNc1cn[nH]c1,-36.1
1503,O=S(=O)(Nc1cn[nH]c1)c1ccccc1F,-32.56
1504,O=S(=O)(Cc1ccccc1)Nc1cn[nH]c1,-34.94
1505,CC1COCCN1CCN,-17.04
1506,CC1COCCN1C1CCNCC1,-28.14
1507,O=C1CC(c2ccccc2)NCCN1,-34.36
1508,COc1c(N)c(C)nn1C,-23.71
1509,CC(C)Cc1nsc(N)n1,-30.33
1510,NC(=O)c1cccc(CO)c1,-22.37
1511,OCc1ccc2ncccc2c1,-30.01
1512,OCc1noc(-c2ccc(F)cc2)n1,-32.1
1513,OCc1nc(-c2ccc(F)cc2)no1,-33.4
1514,NC(=O)c1ccccc1CO,-27.21
1515,CC(C)n1cnc2cc(C(=O)O)ccc21,-31.36
1516,O=C(O)Cn1c(=O)[nH]c2ccccc21,-20.85
1517,COc1ccc2c(c1)CC(=O)NCC2,-30.9
1518,O=C(O)CC1CCCCO1,-8.52
1519,CNCc1ncc(C2CC2)o1,-19.75
1520,O=C(Nc1ccc(F)cc1)NC1CCNC1,-36.22
1521,Fc1cccc(NC2CCOCC2)c1,-37.15
1522,OCCNC1CCOCC1,-33.44
1523,NCC1(N2CCCC2)CCOCC1,-33.68
1524,CN(C)C1(CN)CCOCC1,-28.48
1525,O=C(O)CC1CCOCC1,-12.36
1526,NCCCn1nc2n(c1=O)CCCC2,-30.8
1527,c1cc2c(c(C3CCCN3)c1)OCCO2,-39.65
1528,Cc1cc(CO)oc1C(=O)O,-16.75
1529,CC1CCN(CCN)CC1,-36.51
1530,Nc1nnc(Cc2ccc(F)cc2)s1,-34.99
1531,Nc1nnc(Cc2cccc(F)c2)s1,-33.21
1532,Nc1nnc(Cc2ccccc2F)s1,-38.73
1533,FC(F)(F)c1cnc(C2CCCNC2)[nH]1,-32.39
1534,Nc1ccnn1CC1CC1,-19.3
1535,N#Cc1ccc(N2CCNCC2)c(F)c1,-31.31
1536,CCOc1ccc(C#N)cc1F,-31.09
1537,Cn1c(N)nc2cc(F)ccc21,-25.3
1538,c1ccc2c(c1)CNC(c1ncc[nH]1)C2,-42.12
1539,O=C(O)CC1CCCOC1,-18.28
1540,CCc1c(C(F)(F)F)n[nH]c1N,-23.54
1541,Cn1nccc1[C@H]1C[C@H]2CC[C@@H](C1)N2,-33.62
1542,CC(O)c1ccc2c(c1)CCO2,-33.98
1543,O=C1CC2(Cc3ccccc3C2)C(=O)N1,-32.39
1544,OC1(c2ccccc2)CCCC1,-40.06
1545,CC1(O)CCc2ccccc21,-33.72
1546,COc1ccccc1C(C)(C)O,-35.45
1547,CCOc1ccc(C(N)=O)cn1,-9.3
1548,NCc1ccc(-n2ccnc2)cn1,-28.59
1549,NS(=O)(=O)c1cccc(F)c1,-24.96
1550,NS(=O)(=O)c1cccc(C(F)(F)F)c1,-28.45
1551,NS(=O)(=O)c1ccccc1C(F)(F)F,-24.28
1552,NS(=O)(=O)c1ccccc1F,-22.54
1553,NS(=O)(=O)c1ccc(C(F)(F)F)cc1,-27.22
1554,O=S(=O)(NC1CC1)c1ccc(F)cc1,-28.69
1555,COC1CNc2ccccc2C1,-33.26
1556,NC(=O)c1ccccc1N1CCC(N)CC1,-36.23
1557,NC1CCCN(c2cccnc2)C1=O,-37.67
1558,Cc1cc(C)n(C2CCS(=O)(=O)C2)n1,-32.46
1559,NCC1CCOC2(CCOC2)C1,-26.02
1560,CC(O)Cc1cccc(F)c1,-30.24
1561,COc1cccc(C(O)C2CC2)c1,-37.89
1562,CNC(c1cccc(F)c1)c1ccccn1,-36.37
1563,CNC1CCN(Cc2ccncc2)CC1,-33.54
1564,NC(=O)C1CC(=O)N(c2ccccc2F)C1,-37.0
1565,Cc1ccccc1CC(N)=O,-24.25
1566,CNc1ncc(C(F)(F)F)cc1Cl,-25.33
1567,COc1cccc2cccnc12,-29.55
1568,N#Cc1ccccc1CN1CCCC1,-35.44
1569,Cc1cc(N)n(-c2ccc(F)cc2)n1,-35.28
1570,Cc1nc2ccccc2[nH]1,-21.54
1571,c1ccc2[nH]c(C3CC3)nc2c1,-23.86
1572,O=C1CNc2cccc(F)c2N1,-29.64
1573,Cc1cc2nc[nH]c2cc1C,-25.41
1574,Nc1ccnn1C1CCCCC1,-27.58
1575,NCC1CN(Cc2ccccc2)CCO1,-36.95
1576,NCC(c1ccc(F)cc1)N1CCOCC1,-33.21
1577,Nc1ccnn1C1CCCC1,-23.68
1578,CN(C)CC1CCCCC1O,-36.76
1579,CNc1nc2ccccc2[nH]1,-21.93
1580,Nc1nnc(C(F)(F)F)s1,-20.66
1581,Cc1nc2ccc(CO)cc2s1,-34.44
1582,O=C1Nc2ccc(F)cc2C1=O,-24.65
1583,O=C(O)c1cc2ccccc2o1,-13.51
1584,Cc1cc(N)c2ccccc2n1,-24.69
1585,Nc1nnc(C(F)(F)F)[nH]1,-21.93
1586,O=C(O)C1CC(=O)N(Cc2ccccc2)C1,-20.65
1587,NC(=O)Cc1nc2ccccc2[nH]1,-26.56
1588,O=S(=O)(c1ccccc1)N1CCNCC1,-34.19
1589,Cc1n[nH]c(=O)c2ccccc12,-29.66
1590,Cn1c(NCCO)nc2ccccc21,-34.28
1591,COc1cc2nc(C)sc2cc1OC,-35.7
1592,NC(=O)N1CCCC1C(=O)O,-10.74
1593,CN1C(=O)Cc2ccccc21,-27.62
1594,O=c1ccc(C(F)(F)F)c[nH]1,-20.35
1595,O=C1Cc2ccc(Cl)cc2N1,-27.61
1596,O=C(O)C1CC(=O)N(Cc2ccco2)C1,-22.33
1597,COc1ccc(C(=O)O)cc1,-14.86
1598,Cc1noc(C)c1C(=O)O,-9.08
1599,O=S(=O)(c1ccc(F)cc1)N1CCNCC1,-31.49
1600,O=S(=O)(c1cccc(F)c1)N1CCNCC1,-33.13
1601,CCc1onc(C)c1C(=O)O,-14.88
1602,c1cc2c(cc1C1CCCN1)OCCO2,-41.13
1603,Cc1ccc(Cn2nccc2N)o1,-27.34
1604,COc1ccc(C2CNC(=O)C2)cc1,-34.75
1605,Cn1c(=O)[nH]c2ccccc21,-28.09
1606,CC(O)c1nc2ccccc2n1C,-32.15
1607,COc1cc2c(cc1OC)C(C)NCC2,-37.75
1608,Cn1nc(-c2ccccc2)nc1N,-36.35
1609,CN1CC(C(=O)O)CC1=O,-9.33
1610,O=C(O)C1CC(=O)N(c2ccccc2)C1,-27.73
1611,NC1=NN(c2ccccc2)CC1,-31.2
1612,O=c1[nH]cnc2cc(Cl)ccc12,-30.68
1613,Cc1n[nH]c(C)c1CC(=O)O,-12.48
1614,NS(=O)(=O)c1ccc2c(c1)CC(=O)N2,-27.45
1615,N#Cc1ccc(N2CCCC2)cc1,-29.14
1616,O=C(CN1CCNCC1)Nc1ccccc1,-36.64
1617,Cc1cc(C)c2c(N)nsc2n1,-28.37
1618,Cc1cc2n(n1)CCC(=O)N2,-25.0
1619,O=C(O)CN1CCCC1=O,-14.99
1620,COCc1ccc(C(=O)O)cc1,-16.3
1621,Cc1ccc(C(=O)N2CCNCC2)cc1F,-39.8
1622,CC(C)Cn1ccnc1N,-24.2
1623,C1CN(C2CCOCC2)CCN1,-34.76
1624,NC1CCN(CCc2ccncc2)CC1,-38.78
1625,Nc1ccn(CCc2ccncc2)n1,-33.04
1626,Cc1nn(C)cc1C(C)N,-24.81
1627,Cc1cccc(NC2CCNCC2)n1,-30.01
1628,Cc1cnn(-c2c(N)c(C)nn2C)c1,-31.8
1629,Cc1cnn(CC(=O)O)c1,-16.54
1630,Cc1cnn(CC(C)N)c1,-25.63
1631,CC(O)CN1CCOC(C)C1,-38.68
1632,Cc1nccn1CC(C)O,-29.75
1633,CN1CCC(O)(c2ccccc2)CC1,-35.47
1634,Cc1cccc(F)c1CN,-22.08
1635,Nc1ncn(C2CCCCC2)n1,-25.17
1636,O=S(=O)(c1cn[nH]c1)N1CCCCC1,-28.5
1637,Cc1nnc(C2Cc3ccccc3CN2)o1,-41.41
1638,Nc1ccn(CC(F)F)n1,-19.38
1639,NCC1CCCN1CC(F)F,-23.54
1640,CNc1cc2ccccc2c(=O)[nH]1,-29.85
1641,CC(O)c1cnc2ccccc2c1,-34.4
1642,Cc1cc(C)n(CCO)n1,-28.69
1643,Cc1cn2cccnc2n1,-21.36
1644,CCCc1nc2ccc(F)cc2c(=O)[nH]1,-31.45
1645,Cc1nc(C)c(C(C)N)s1,-29.27
1646,Cc1cc(C)n(CCN2CCOCC2)n1,-35.84
1647,CCc1ncc(CNC)s1,-28.1
1648,O=C(Nc1ccccc1CO)C1CC1,-36.94
1649,O=C(c1ccccc1)N1CCCC(O)C1,-36.26
1650,c1cc(-c2ncc[nH]2)ccn1,-31.77
1651,C1CCC(NC2CCNCC2)C1,-36.99
1652,Fc1ccccc1NC1CCNCC1,-35.83
1653,Nc1ncc(-c2cccnc2)s1,-37.93
1654,CC(N)c1ccc(-c2cccnc2)cc1,-42.81
1655,Cc1nn(C)c(C)c1CN1CCNCC1,-38.78
1656,COc1cccc(C(C)N2CCNCC2)c1,-40.74
1657,Cc1cccc(C(CO)N2CCNCC2)c1,-38.16
1658,CNC1(CO)CCOCC1,-30.13
1659,CNC(=O)c1cc2ccccc2n1C,-29.55
1660,CNC(C)c1cccc(-c2ccncc2)c1,-44.96
1661,COc1ccc(C(C)O)cc1Cl,-36.93
1662,Cc1sc(C(N)=O)cc1N,-24.53
1663,COc1cnccc1C(C)N,-28.57
1664,CC(=O)N1CCOc2ccccc2C1,-29.75
1665,OC1CCN(c2ccc(Cl)cn2)CC1,-31.53
1666,Cc1c[nH]c(=O)n1-c1ccccc1F,-17.44
1667,CNC(C)c1sc(C)nc1C,-35.26
1668,N[C@@H]1c2ccccc2C[C@@H]1O,-26.93
1669,O=C(O)C1(O)Cc2ccccc2C1,-9.08
1670,O=C(O)C1(O)CCc2ccccc2C1,-27.78
1671,O=C(O)C1CCCCCC1,-1.04
1672,O=C(O)C(C1CC1)C1CC1,-12.57
1673,O=C(O)C1CCc2ccccc21,-14.99
1674,CC(C)c1cc(O)ncn1,-23.37
1675,OCc1cccnc1N1CCCC1,-36.4
1676,OCc1cccnc1-n1cccn1,-29.78
1677,COc1ncccc1CO,-23.63
1678,COc1nc(C)cc(C)c1CO,-26.94
1679,COc1ccc(CO)cn1,-27.99
1680,Cc1nn(C(C)C)cc1C(=O)O,-14.99
1681,CC(C)n1ncc2c(=O)[nH]cnc21,-26.59
1682,CCN1N=C(C(F)(F)F)CC1=O,-24.15
1683,CCn1cc(C(=O)O)c(C(C)C)n1,-20.85
1684,Cc1c(C(=O)O)cnn1C1CCCC1,-11.12
1685,CCC(C)n1ncc(C(=O)O)c1C,-18.44
1686,CCn1cc(CNC)cn1,-18.42
1687,CCc1nc(C)c(C(C)NC)s1,-30.86
1688,Cc1ccc(-n2c(C)c[nH]c2=O)cc1,-32.17
1689,NC1CCc2c(F)cccc21,-24.93
1690,CCNc1ccc(C)nn1,-28.36
1691,Fc1ccc(NC2CCOCC2)nc1,-33.27
1692,Nc1ccn(CC2CCOC2)n1,-24.45
1693,Cc1cccc(C(C)CN)c1,-30.06
1694,CC(C)c1n[nH]c(C(F)F)n1,-27.17
1695,Cc1noc(C)c1CCN,-13.61
1696,CC(N)c1nc(C(F)(F)F)cs1,-24.6
1697,Cc1nc(C)n(C2CCCNC2)n1,-33.4
1698,c1ccc2c(c1)CC(n1cccn1)CN2,-35.96
1699,c1ccc2c(c1)ncn2C1CCCNC1,-33.9
1700,O=c1[nH]c(C2CC2)nc2c1CCC2,-28.58
1701,OC1CCc2ccc(F)cc21,-35.6
1702,NS(=O)(=O)c1cnn(Cc2ccccc2)c1,-34.13
1703,Cc1ncc(CN2CCNCC2)s1,-33.3
1704,COc1cc(F)ccc1N1CCNCC1,-32.53
1705,CC(N)c1cncc(F)c1,-25.12
1706,NC1CCN(c2ccc(F)cc2)C1=O,-27.48
1707,NC1CCN(c2ccccc2F)C1=O,-27.37
1708,NC1CCN(Cc2ccc(F)cc2)C1=O,-32.25
1709,CNC1CCN(c2ccccc2Cl)C1=O,-36.64
1710,CC(c1ccc(F)cc1)N1CCC(N)C1=O,-47.21
1711,Cc1cc(C(=O)O)nn1-c1cccc(F)c1,-20.27
1712,Nc1ccnn1-c1cccc(F)c1,-29.24
1713,N#CC1(c2ccccc2F)CC1,-28.4
1714,Nc1oncc1-c1ccccc1F,-27.63
1715,COCc1nc(CN)cs1,-31.55
1716,C1CC(OCC2CCOC2)CCN1,-34.67
1717,CC(=O)NC1CC1c1ccccc1,-36.22
1718,Nc1nnc(CC2CC2)o1,-23.37
1719,Nc1cc(CC2CC2)n[nH]1,-24.9
1720,Cn1nc(CC2CC2)cc1N,-24.72
1721,CCN1CCC(CCN)CC1,-27.77
1722,CN1CCC(CCN)CC1,-19.74
1723,FC(F)(F)c1ccn(C2CCNCC2)n1,-28.41
1724,CC(C)c1ocnc1C(=O)O,-18.22
1725,CCc1ocnc1C(=O)O,-11.17
1726,O=C(O)c1ncoc1C1CC1,-14.55
1727,O=C(O)c1cccc(N2CCCNC2=O)c1,-28.0
1728,c1ccc(CNC2CCCNC2)cc1,-40.78
1729,OC1(C(F)(F)F)CCOCC1,-26.53
1730,Nc1ccnn1Cc1ccc(Cl)c(F)c1,-36.82
1731,Cc1cc(C)cc(C(O)CN)c1,-34.49
1732,N#Cc1ccc(C(F)(F)F)[nH]c1=O,-10.27
1733,Fc1cncc(N2CCCNCC2)c1,-31.9
1734,FC(F)Oc1cccc(N2CCNCC2)c1,-37.22
1735,Cn1cc(N2CCCC(N)C2)cn1,-31.03
1736,CNCc1ccc(OC)c(Cl)c1,-36.51
1737,Cc1nc(C)n(CC2CCCCN2)n1,-36.36
1738,Cc1nccn1CC1CCCN1,-31.27
1739,Cc1cnn(CC2CCNCC2)c1,-28.02
1740,NC(=O)C1NCCc2ccccc21,-29.25
1741,Cc1nc(C)c(C(C)O)s1,-33.78
1742,CNC(=O)c1cnc(C)s1,-28.63
1743,CN(C)c1cc(N)ccn1,-20.87
1744,NC(=O)Cn1ccc(=O)c2ccccc21,-34.18
1745,O=C(c1ccccc1F)N1CCC(O)CC1,-30.61
1746,Cc1cc(N)n(Cc2ccccn2)n1,-40.96
1747,Cc1cc(N)n(C2CCOCC2)n1,-31.88
1748,NS(=O)(=O)c1ccc(Cl)cn1,-24.86
1749,NS(=O)(=O)c1ccc(C(F)(F)F)cn1,-27.26
1750,CN(C)CC1CNCCO1,-31.94
1751,OC1CCOCC1OCc1ccccc1,-44.48
1752,OC1CCOCC1OCC1CC1,-36.9
1753,Cc1nc2cccnc2[nH]1,-22.06
1754,NCc1ccc(CN2CCCC2=O)cc1,-41.12
1755,Nc1cccc(C(F)(F)F)n1,-19.04
1756,CC(N)c1cccc(N2CCCC2=O)c1,-38.78
1757,O=C(O)c1ccccc1NC(=O)C1CC1,-28.84
1758,O=C(O)C1CCCN1C(=O)c1cccs1,-18.78
1759,O=C1CCc2ccccc2N1,-32.38
1760,Cc1noc(C)c1CC(=O)O,-16.0
1761,CC(c1ccncc1)n1nccc1N,-35.25
1762,Cc1nn(-c2ccccc2)c(C)c1CO,-42.49
1763,Cc1nc(N)nc2c1CCCC2,-28.74
1764,CCS(=O)c1ccccc1C(=O)O,-20.99
1765,CCc1noc(C)c1C(=O)O,-10.54
1766,CC(C)Cn1nccc1N,-23.08
1767,CC(O)c1nc2ccccc2n1C(F)F,-33.66
1768,O=C1CC(C(F)(F)F)=Nc2ccccc2N1,-35.97
1769,CC(N)c1ccc(-n2cncn2)cc1,-38.12
1770,CN(C)c1ncccc1C#N,-25.35
1771,NCCOc1ccc(F)cc1,-30.49
1772,Cn1cc(-c2ccc(=O)[nH]n2)cn1,-30.05
1773,NCC1CCN(C2CCOCC2)CC1,-33.06
1774,Cc1nc(CN2CCC(CN)CC2)oc1C,-23.51
1775,NCC1CCCCN1CCO,-36.34
1776,CCc1nc(C)c(C(C)O)s1,-32.41
1777,COc1ccc(C(N)=O)cc1F,-31.11
1778,CC1CCNC(c2ccco2)C1,-37.56
1779,O=S1(=O)CCC(NC2CCCC2)C1,-31.46
1780,Cc1ccn2cc(C(=O)O)nc2c1,-23.9
1781,OCc1cc(Cl)c2c(c1)OCCCO2,-38.87
1782,NS(=O)(=O)c1ccc2c(c1)CCC(=O)N2,-30.43
1783,CC(C1CC1)n1nccc1N,-16.86
1784,NCc1ccccc1CN1CCOCC1,-32.38
1785,NC(=O)N1CCC(C(=O)O)CC1,-14.06
1786,Cc1nn(CCO)c(N)c1C,-30.94
1787,CC1CCC(NCC2CCCO2)CC1,-37.77
1788,C1CCC(NCC2CCCO2)C1,-35.32
1789,O=C1CC2CCC(CN1)N2,-25.09
1790,NC[C@]12C[C@H]1CCN2Cc1ccccc1,-39.27
1791,OCC1CCN(CC(F)F)CC1,-27.61
1792,CC(C)c1ncc(Cl)c(C(N)=O)n1,-33.11
1793,Fc1cccc(-c2nn[nH]n2)c1,-9.09
1794,O=C(O)[C@H]1C[C@@H](OC(F)F)C1,-11.58
1795,NC1CCN(CC(F)F)C1,-17.48
1796,NC(=O)c1ccccc1N1CCC(N)C1,-32.9
1797,NC(=O)C1CCC(O)CC1,-27.06
1798,O=c1cc2c(n[nH]1)CCC2,-24.19
1799,Nc1nc(-c2ccccc2F)co1,-32.57
1800,Nc1nc(C(F)(F)F)co1,-18.68
1801,c1ccc(C2CCNC2)nc1,-25.99
1802,CNC(C)c1ccc(-n2cncn2)cc1,-39.23
1803,COc1ccc(CC(=O)O)cc1F,-21.16
1804,CCOc1ccc(C2CCCN2)cc1,-43.47
1805,Cc1cc(C)n(-c2ccc(CO)cc2)n1,-39.58
1806,O=C(O)C1(C(=O)N2CCCC2)CC1,-10.22
1807,O=C(O)C1(C(=O)Nc2ccccc2)CC1,-19.31
1808,O=C(O)C1(C(=O)NC2CC2)CCC1,-10.48
1809,O=C(O)C1(C(=O)NC2CC2)CC1,-16.83
1810,Cc1nc2c(s1)C(O)CCC2,-31.99
1811,NCc1ccnc(NC2CC2)c1,-30.9
1812,c1ccc2c(c1)NCCCO2,-29.96
1813,COc1ccc(C)nc1N,-20.57
1814,COC1(CN)CCC(C)CC1,-20.73
1815,O[C@@H]1CCOc2c(F)cccc21,-35.46
1816,O[C@H]1CCc2cc(Cl)ccc21,-29.87
1817,O[C@@H]1CCc2cc(F)ccc21,-33.48
1818,O=C(O)Cn1ncc2ccccc21,-18.21
1819,Cc1cc(C(=O)O)ccc1-n1cccn1,-23.15
1820,Cc1cc(CO)ccc1N1CCOCC1,-37.45
1821,Cc1cc(-n2ccnc2)ccc1C(=O)O,-32.71
1822,Cc1cc(F)ccc1CO,-27.23
1823,CC(C)Nc1nccn1C,-24.2
1824,Nc1ccc(Cn2ccnc2)cn1,-30.01
1825,Cc1cc(N)nc(-c2ccccc2)n1,-39.98
1826,CCc1cc(N)nc(C)n1,-25.7
1827,Nc1ncnc2c1CCCC2,-25.76
1828,Nc1ccnc(C2CCCC2)n1,-32.55
1829,Nc1ccnc(Cc2ccccc2)n1,-33.01
1830,OCc1ccc(-n2cccn2)cc1,-36.91
1831,NCC1COc2ccccc2C1,-22.05
1832,NC(=O)C1CN(Cc2ccccc2)CCO1,-38.07
1833,O=C(O)c1ccccc1OC1CCC1,-17.39
1834,NC(=O)Cn1cnc(-c2ccccc2)c1N,-39.28
1835,COc1cccc(CO)n1,-27.42
1836,CCc1nc(C(=O)O)co1,-1.63
1837,O=C(O)c1coc(C2CCCCC2)n1,-27.32
1838,O=C(O)c1coc(C2CCC2)n1,-11.32
1839,Cc1nc(C(=O)O)c(C)o1,-18.62
1840,Cc1oc(C2CC2)nc1C(=O)O,-3.25
1841,Cc1nn(-c2ccc(F)cc2)cc1CN,-32.66
1842,NS(=O)(=O)c1nc2ccccc2[nH]1,-21.75
1843,Cn1nc(C(=O)O)cc1C1CC1,-23.52
1844,c1ccc(NC2CCNC2)cc1,-38.64
1845,Cc1oc(C(=O)O)cc1CO,-22.92
1846,CNCc1cccc(OC)n1,-27.68
1847,COc1cc(C)ccc1C#N,-26.57
1848,CCC(C)c1cc(C(=O)O)on1,-2.04
1849,O=C(O)c1cc(C2CCCC2)no1,-24.93
1850,CC(C)c1cc(C(=O)O)on1,-11.34
1851,CCC(C)c1ncc(N)cn1,-29.56
1852,O=C(O)c1cc(C2CC2)no1,-5.04
1853,O=C(O)c1c[nH]cc1C1CC1,-10.09
1854,C1CC(C2CCOC2)CN1,-22.78
1855,COCc1cc(=O)c2cc(F)ccc2[nH]1,-33.08
1856,Cc1noc(C)c1COC1CCNC1,-23.64
1857,Clc1cnn(C2CCNC2)c1,-28.43
1858,Clc1ccc(OC2CCCNC2)nc1,-36.75
1859,C1CC(CN2CCOCC2)CN1,-27.63
1860,Cc1cc(F)ccc1C1NCCNC1=O,-35.19
1861,O=C1NCCNC1c1ccccc1F,-34.07
1862,CC(C)C1NCCNC1=O,-25.95
1863,OCc1cn2cc(Cl)cc(Cl)c2n1,-32.77
1864,C1CC2(CCOCC2)CN1,-25.94
1865,Cc1n[nH]c(=O)c2noc(C)c12,-27.53
1866,OC1CCCC(C(F)(F)F)C1,-31.95
1867,O=c1[nH]c2cc(F)ccc2o1,-18.79
1868,c1csc(C2CCCCN2)n1,-33.38
1869,Cn1c(N)nc2ccc(F)cc21,-26.89
1870,CCc1nc(C2CCCN2)no1,-32.2
1871,CC(C)c1nc(C2CCCN2)no1,-35.4
1872,O=C(O)C1CC12CCCC2,-15.23
1873,C1CN(CC2CCOCC2)CCN1,-34.08
1874,OCCc1cn(-c2ccccc2F)nn1,-33.69
1875,O=C(O)Cc1cnc2ccccc2c1,-25.97
1876,Cc1csc(C2CNCCO2)n1,-30.83
1877,Cn1nccc1C1CCNCC1,-17.49
1878,C1CCC(c2nnc3n2CCCC3)NC1,-36.01
1879,Cc1nc(C)c(F)c(N2CCSCC2)n1,-32.33
1880,CCc1nc2ccccc2n1CCN,-29.05
1881,Cc1nc2n(c1C)CCNC2,-28.11
1882,CC(c1cccc(F)c1)N1CCn2ccnc2C1,-37.2
1883,Cn1cnc2cnccc21,-24.87
1884,Nc1nc(Cc2ccc(F)cc2)no1,-31.64
1885,Nc1nc(-c2cccc(F)c2)no1,-37.37
1886,c1cc(CN2CCNCC2)no1,-28.24
1887,O=C(O)C1CCCn2ccnc21,-24.05
1888,CC(N)c1ccc(-c2cncnc2)cc1,-39.34
1889,C1CCC2(C1)COCCN2,-30.27
1890,C1CCC2(CC1)COCCN2,-28.63
1891,Nc1ccc2nnc(C3CC3)n2c1,-22.33
1892,C1CCc2sc(C3CCCNC3)nc2C1,-43.83
1893,FC(F)(F)c1csc(C2CCCNC2)n1,-32.08
1894,FC(F)(F)c1csc(C2CCNCC2)n1,-30.34
1895,CNCCC1CCOCC1,-28.59
1896,CC(C)Cc1nnc2n1CCNC2,-30.77
1897,c1ccc(Cc2nnc3n2CCNC3)cc1,-38.86
1898,FC(F)c1nnc2n1CCNC2,-25.06
1899,CC1NCCn2c(C3CCCC3)nnc21,-38.07
1900,CC1(C(=O)O)CCOCC1,-0.62
1901,CNc1nc(-c2ccccc2)no1,-31.72
1902,CC(C)C1CCCCC1O,-33.4
1903,OC1CCCCC1c1cncnc1,-38.71
1904,CCn1cc(CCO)cn1,-8.0
1905,NC(CC1CCOCC1)c1ccccc1,-36.45
1906,Cc1cnc(C2CCCCN2)s1,-37.3
1907,Cc1cnc(C2CCNCC2)s1,-21.3
1908,CCOc1c(F)cccc1C(=O)O,-21.0
1909,Cc1nc(-c2ccco2)ccc1C(=O)O,-33.75
1910,CC1CNCCN1CCO,-32.11
1911,COCCN1CCNCC1C,-31.09
1912,Cc1cc(N)nn1-c1ccc(F)cc1,-29.65
1913,Cc1cn(C(C)C)nc1N,-24.88
1914,CC(C)Cn1cnnc1C1CCCN1,-37.73
1915,CC(C)C1CCC(N)CC1,-21.98
1916,Nc1nnc(-c2ccc(F)cc2)[nH]1,-32.05
1917,CC(C)c1nc(N)n(C)n1,-23.63
1918,Cn1nc(-c2cccs2)nc1N,-35.74
1919,Fc1cccnc1OC1CCCNC1,-31.12
